account_id,primary_customer_id,product,regime,opened_at,status,credit_limit,apr,statement_cycle_day,payment_behavior,autopay,first_deposit_date
ACC-CR-00001,CUS-00001,lanternfield_visa_signature_credit,REG_Z,2016-01-11,open,7500,29.49,24,pay_in_full,false,
ACC-CR-00002,CUS-00002,lanternfield_visa_signature_credit,REG_Z,2025-06-22,open,1500,19.99,28,pay_in_full,false,
ACC-CR-00003,CUS-00003,lanternfield_visa_signature_credit,REG_Z,2022-04-23,open,1500,29.49,17,pay_in_full,false,
ACC-CR-00004,CUS-00004,lanternfield_visa_signature_credit,REG_Z,2018-08-16,open,3000,19.99,20,pay_in_full,true,
ACC-CR-00005,CUS-00005,lanternfield_visa_signature_credit,REG_Z,2009-11-01,open,10000,29.49,18,partial,false,
ACC-CR-00006,CUS-00006,lanternfield_visa_signature_credit,REG_Z,2020-05-14,open,10000,27.24,17,minimum,false,
ACC-CR-00007,CUS-00007,lanternfield_visa_signature_credit,REG_Z,2011-05-02,open,10000,27.24,22,partial,true,
ACC-CR-00008,CUS-00008,lanternfield_visa_signature_credit,REG_Z,2019-11-19,open,3000,22.49,28,pay_in_full,false,
ACC-DDA-00001,CUS-00008,lanternfield_visa_debit_checking,REG_E,2019-11-19,open,,,28,,,2019-11-20
ACC-CR-00009,CUS-00010,lanternfield_visa_signature_credit,REG_Z,2024-08-24,open,7500,27.24,12,pay_in_full,false,
ACC-DDA-00002,CUS-00010,lanternfield_visa_debit_checking,REG_E,2024-08-24,open,,,28,,,2024-08-27
ACC-CR-00010,CUS-00012,lanternfield_visa_signature_credit,REG_Z,2017-08-18,open,10000,22.49,28,pay_in_full,true,
ACC-CR-00011,CUS-00013,lanternfield_visa_signature_credit,REG_Z,2011-07-11,open,5000,24.99,28,pay_in_full,false,
ACC-CR-00012,CUS-00014,lanternfield_visa_signature_credit,REG_Z,2020-03-24,open,15000,19.99,14,pay_in_full,true,
ACC-CR-00013,CUS-00015,lanternfield_visa_signature_credit,REG_Z,2018-12-18,open,5000,19.99,15,pay_in_full,false,
ACC-CR-00014,CUS-00016,lanternfield_visa_signature_credit,REG_Z,2015-07-28,open,3000,29.49,28,partial,true,
ACC-CR-00015,CUS-00017,lanternfield_visa_signature_credit,REG_Z,2010-11-15,open,3000,27.24,12,partial,true,
ACC-DDA-00003,CUS-00018,lanternfield_visa_debit_checking,REG_E,2022-06-12,open,,,28,,,2022-06-13
ACC-CR-00016,CUS-00019,lanternfield_visa_signature_credit,REG_Z,2023-01-01,open,1500,19.99,7,partial,false,
ACC-DDA-00004,CUS-00020,lanternfield_visa_debit_checking,REG_E,2021-11-22,open,,,28,,,2021-11-25
ACC-CR-00017,CUS-00021,lanternfield_visa_signature_credit,REG_Z,2023-07-06,open,5000,22.49,6,pay_in_full,false,
ACC-DDA-00005,CUS-00021,lanternfield_visa_debit_checking,REG_E,2023-07-06,open,,,28,,,2023-07-10
ACC-CR-00018,CUS-00023,lanternfield_visa_signature_credit,REG_Z,2023-06-28,open,5000,24.99,11,pay_in_full,false,
ACC-CR-00019,CUS-00025,lanternfield_visa_signature_credit,REG_Z,2019-11-05,open,10000,24.99,20,pay_in_full,false,
ACC-CR-00020,CUS-00026,lanternfield_visa_signature_credit,REG_Z,2015-01-06,open,3000,29.49,10,pay_in_full,false,
ACC-CR-00021,CUS-00027,lanternfield_visa_signature_credit,REG_Z,2024-05-15,open,1500,24.99,3,pay_in_full,true,
ACC-CR-00022,CUS-00028,lanternfield_visa_signature_credit,REG_Z,2023-08-12,open,10000,19.99,28,partial,true,
ACC-CR-00023,CUS-00029,lanternfield_visa_signature_credit,REG_Z,2026-01-12,open,1500,27.24,4,partial,false,
ACC-CR-00024,CUS-00030,lanternfield_visa_signature_credit,REG_Z,2020-02-28,open,25000,19.99,27,minimum,false,
ACC-CR-00025,CUS-00031,lanternfield_visa_signature_credit,REG_Z,2017-07-06,open,1500,24.99,28,pay_in_full,false,
ACC-CR-00026,CUS-00032,lanternfield_visa_signature_credit,REG_Z,2019-11-28,open,5000,22.49,7,pay_in_full,true,
ACC-CR-00027,CUS-00033,lanternfield_visa_signature_credit,REG_Z,2014-02-26,open,1500,22.49,20,minimum,false,
ACC-CR-00028,CUS-00034,lanternfield_visa_signature_credit,REG_Z,2023-06-22,open,25000,22.49,9,partial,true,
ACC-CR-00029,CUS-00035,lanternfield_visa_signature_credit,REG_Z,2008-10-19,open,25000,24.99,18,pay_in_full,false,
ACC-CR-00030,CUS-00036,lanternfield_visa_signature_credit,REG_Z,2023-11-26,open,10000,22.49,13,pay_in_full,true,
ACC-CR-00031,CUS-00037,lanternfield_visa_signature_credit,REG_Z,2019-06-18,open,3000,29.49,28,pay_in_full,true,
ACC-DDA-00006,CUS-00037,lanternfield_visa_debit_checking,REG_E,2019-06-18,open,,,28,,,2019-06-21
ACC-CR-00032,CUS-00038,lanternfield_visa_signature_credit,REG_Z,2013-10-14,open,7500,24.99,6,pay_in_full,false,
ACC-CR-00033,CUS-00039,lanternfield_visa_signature_credit,REG_Z,2016-03-13,open,25000,29.49,14,partial,true,
ACC-CR-00034,CUS-00040,lanternfield_visa_signature_credit,REG_Z,2010-06-04,open,3000,22.49,16,minimum,false,
ACC-CR-00035,CUS-00041,lanternfield_visa_signature_credit,REG_Z,2024-03-16,open,3000,27.24,10,pay_in_full,false,
ACC-CR-00036,CUS-00042,lanternfield_visa_signature_credit,REG_Z,2017-06-03,open,1500,27.24,1,pay_in_full,false,
ACC-CR-00037,CUS-00044,lanternfield_visa_signature_credit,REG_Z,2011-09-11,open,15000,22.49,12,pay_in_full,true,
ACC-CR-00038,CUS-00045,lanternfield_visa_signature_credit,REG_Z,2024-03-10,open,3000,19.99,15,minimum,false,
ACC-CR-00039,CUS-00046,lanternfield_visa_signature_credit,REG_Z,2014-05-02,open,10000,27.24,28,minimum,true,
ACC-CR-00040,CUS-00047,lanternfield_visa_signature_credit,REG_Z,2026-04-18,open,10000,22.49,16,partial,false,
ACC-DDA-00007,CUS-00047,lanternfield_visa_debit_checking,REG_E,2026-04-18,open,,,28,,,2026-04-19
ACC-CR-00041,CUS-00048,lanternfield_visa_signature_credit,REG_Z,2024-09-17,open,15000,27.24,20,partial,true,
ACC-CR-00042,CUS-00049,lanternfield_visa_signature_credit,REG_Z,2010-06-03,open,1500,27.24,1,minimum,false,
ACC-DDA-00008,CUS-00049,lanternfield_visa_debit_checking,REG_E,2010-06-03,open,,,28,,,2010-06-05
ACC-CR-00043,CUS-00050,lanternfield_visa_signature_credit,REG_Z,2024-09-03,open,15000,24.99,21,partial,false,
ACC-CR-00044,CUS-00051,lanternfield_visa_signature_credit,REG_Z,2023-02-17,open,5000,22.49,7,pay_in_full,false,
ACC-CR-00045,CUS-00053,lanternfield_visa_signature_credit,REG_Z,2011-04-26,open,1500,24.99,22,pay_in_full,false,
ACC-CR-00046,CUS-00054,lanternfield_visa_signature_credit,REG_Z,2013-08-01,open,1500,24.99,10,pay_in_full,false,
ACC-CR-00047,CUS-00055,lanternfield_visa_signature_credit,REG_Z,2023-11-13,open,1500,24.99,24,partial,true,
ACC-CR-00048,CUS-00056,lanternfield_visa_signature_credit,REG_Z,2020-09-17,open,3000,27.24,28,partial,false,
ACC-CR-00049,CUS-00057,lanternfield_visa_signature_credit,REG_Z,2020-12-02,open,15000,22.49,16,pay_in_full,true,
ACC-CR-00050,CUS-00058,lanternfield_visa_signature_credit,REG_Z,2025-12-24,open,7500,29.49,10,pay_in_full,false,
ACC-CR-00051,CUS-00059,lanternfield_visa_signature_credit,REG_Z,2021-09-15,open,15000,29.49,3,pay_in_full,true,
ACC-CR-00052,CUS-00060,lanternfield_visa_signature_credit,REG_Z,2012-08-22,open,5000,29.49,2,partial,true,
ACC-CR-00053,CUS-00061,lanternfield_visa_signature_credit,REG_Z,2014-07-07,open,15000,27.24,2,partial,true,
ACC-CR-00054,CUS-00062,lanternfield_visa_signature_credit,REG_Z,2013-04-18,open,15000,29.49,27,partial,false,
ACC-CR-00055,CUS-00063,lanternfield_visa_signature_credit,REG_Z,2023-06-18,open,7500,24.99,13,partial,false,
ACC-CR-00056,CUS-00064,lanternfield_visa_signature_credit,REG_Z,2023-02-04,open,15000,29.49,4,partial,false,
ACC-CR-00057,CUS-00065,lanternfield_visa_signature_credit,REG_Z,2011-02-26,open,5000,19.99,17,pay_in_full,false,
ACC-CR-00058,CUS-00066,lanternfield_visa_signature_credit,REG_Z,2021-12-22,open,3000,29.49,21,partial,false,
ACC-CR-00059,CUS-00067,lanternfield_visa_signature_credit,REG_Z,2021-10-19,open,25000,29.49,25,pay_in_full,false,
ACC-DDA-00009,CUS-00067,lanternfield_visa_debit_checking,REG_E,2021-10-19,open,,,28,,,2021-10-21
ACC-CR-00060,CUS-00069,lanternfield_visa_signature_credit,REG_Z,2016-01-25,open,3000,19.99,27,pay_in_full,false,
ACC-CR-00061,CUS-00070,lanternfield_visa_signature_credit,REG_Z,2025-07-04,open,7500,19.99,12,pay_in_full,true,
ACC-CR-00062,CUS-00071,lanternfield_visa_signature_credit,REG_Z,2018-11-13,open,25000,24.99,22,pay_in_full,true,
ACC-CR-00063,CUS-00072,lanternfield_visa_signature_credit,REG_Z,2018-08-19,open,15000,24.99,20,partial,false,
ACC-CR-00064,CUS-00073,lanternfield_visa_signature_credit,REG_Z,2025-07-11,open,25000,24.99,22,pay_in_full,false,
ACC-DDA-00010,CUS-00074,lanternfield_visa_debit_checking,REG_E,2017-11-01,open,,,28,,,2017-11-03
ACC-CR-00065,CUS-00075,lanternfield_visa_signature_credit,REG_Z,2025-07-16,open,10000,29.49,3,partial,true,
ACC-CR-00066,CUS-00077,lanternfield_visa_signature_credit,REG_Z,2019-04-22,open,7500,24.99,17,pay_in_full,false,
ACC-DDA-00011,CUS-00077,lanternfield_visa_debit_checking,REG_E,2019-04-22,open,,,28,,,2019-04-26
ACC-CR-00067,CUS-00078,lanternfield_visa_signature_credit,REG_Z,2026-06-23,open,7500,24.99,20,pay_in_full,true,
ACC-CR-00068,CUS-00079,lanternfield_visa_signature_credit,REG_Z,2026-03-22,open,3000,19.99,13,partial,false,
ACC-DDA-00012,CUS-00079,lanternfield_visa_debit_checking,REG_E,2026-03-22,open,,,28,,,2026-03-26
ACC-CR-00069,CUS-00080,lanternfield_visa_signature_credit,REG_Z,2013-03-22,open,15000,19.99,11,partial,false,
ACC-CR-00070,CUS-00081,lanternfield_visa_signature_credit,REG_Z,2019-07-04,open,1500,22.49,23,partial,false,
ACC-CR-00071,CUS-00083,lanternfield_visa_signature_credit,REG_Z,2024-01-15,open,25000,29.49,8,pay_in_full,false,
ACC-DDA-00013,CUS-00083,lanternfield_visa_debit_checking,REG_E,2024-01-15,open,,,28,,,2024-01-17
ACC-CR-00072,CUS-00084,lanternfield_visa_signature_credit,REG_Z,2020-02-24,open,5000,22.49,25,partial,false,
ACC-CR-00073,CUS-00085,lanternfield_visa_signature_credit,REG_Z,2016-06-18,open,7500,29.49,2,partial,false,
ACC-CR-00074,CUS-00086,lanternfield_visa_signature_credit,REG_Z,2021-01-18,open,5000,29.49,8,partial,false,
ACC-CR-00075,CUS-00087,lanternfield_visa_signature_credit,REG_Z,2025-12-22,open,10000,19.99,8,pay_in_full,false,
ACC-CR-00076,CUS-00088,lanternfield_visa_signature_credit,REG_Z,2011-12-05,open,3000,19.99,16,pay_in_full,false,
ACC-CR-00077,CUS-00089,lanternfield_visa_signature_credit,REG_Z,2024-02-08,open,1500,19.99,4,pay_in_full,false,
ACC-DDA-00014,CUS-00089,lanternfield_visa_debit_checking,REG_E,2024-02-08,open,,,28,,,2024-02-09
ACC-CR-00078,CUS-00090,lanternfield_visa_signature_credit,REG_Z,2015-07-17,open,25000,27.24,2,partial,true,
ACC-CR-00079,CUS-00091,lanternfield_visa_signature_credit,REG_Z,2024-06-08,open,25000,29.49,28,partial,false,
ACC-CR-00080,CUS-00092,lanternfield_visa_signature_credit,REG_Z,2014-02-14,open,5000,19.99,24,pay_in_full,false,
ACC-CR-00081,CUS-00093,lanternfield_visa_signature_credit,REG_Z,2024-02-23,open,10000,27.24,1,pay_in_full,false,
ACC-DDA-00015,CUS-00093,lanternfield_visa_debit_checking,REG_E,2024-02-23,open,,,28,,,2024-02-28
ACC-CR-00082,CUS-00094,lanternfield_visa_signature_credit,REG_Z,2008-04-16,open,25000,27.24,18,partial,false,
ACC-CR-00083,CUS-00095,lanternfield_visa_signature_credit,REG_Z,2016-07-19,open,25000,24.99,28,partial,false,
ACC-CR-00084,CUS-00096,lanternfield_visa_signature_credit,REG_Z,2013-04-08,open,15000,24.99,5,partial,false,
ACC-CR-00085,CUS-00097,lanternfield_visa_signature_credit,REG_Z,2024-07-11,open,3000,29.49,26,partial,true,
ACC-CR-00086,CUS-00098,lanternfield_visa_signature_credit,REG_Z,2018-11-04,open,15000,22.49,10,partial,false,
ACC-CR-00087,CUS-00099,lanternfield_visa_signature_credit,REG_Z,2012-09-12,open,25000,27.24,4,minimum,false,
ACC-CR-00088,CUS-00100,lanternfield_visa_signature_credit,REG_Z,2017-09-07,open,7500,27.24,13,pay_in_full,false,
ACC-DDA-00016,CUS-00100,lanternfield_visa_debit_checking,REG_E,2017-09-07,open,,,28,,,2017-09-12
ACC-CR-00089,CUS-00101,lanternfield_visa_signature_credit,REG_Z,2011-09-07,open,25000,24.99,16,pay_in_full,true,
ACC-CR-00090,CUS-00102,lanternfield_visa_signature_credit,REG_Z,2022-11-22,open,1500,29.49,25,pay_in_full,true,
ACC-CR-00091,CUS-00103,lanternfield_visa_signature_credit,REG_Z,2023-02-07,open,7500,22.49,15,partial,false,
ACC-CR-00092,CUS-00104,lanternfield_visa_signature_credit,REG_Z,2017-02-23,open,7500,29.49,24,pay_in_full,false,
ACC-CR-00093,CUS-00105,lanternfield_visa_signature_credit,REG_Z,2009-11-19,open,10000,22.49,20,partial,false,
ACC-CR-00094,CUS-00106,lanternfield_visa_signature_credit,REG_Z,2026-06-07,open,3000,22.49,13,pay_in_full,true,
ACC-CR-00095,CUS-00107,lanternfield_visa_signature_credit,REG_Z,2021-02-17,open,7500,19.99,15,partial,true,
ACC-DDA-00017,CUS-00107,lanternfield_visa_debit_checking,REG_E,2021-02-17,open,,,28,,,2021-02-20
ACC-CR-00096,CUS-00109,lanternfield_visa_signature_credit,REG_Z,2025-09-14,open,7500,19.99,21,minimum,true,
ACC-CR-00097,CUS-00110,lanternfield_visa_signature_credit,REG_Z,2022-01-28,open,25000,22.49,16,pay_in_full,false,
ACC-DDA-00018,CUS-00110,lanternfield_visa_debit_checking,REG_E,2022-01-28,open,,,28,,,2022-01-29
ACC-CR-00098,CUS-00111,lanternfield_visa_signature_credit,REG_Z,2018-01-11,open,25000,24.99,7,partial,false,
ACC-CR-00099,CUS-00112,lanternfield_visa_signature_credit,REG_Z,2013-08-18,open,25000,19.99,25,pay_in_full,false,
ACC-CR-00100,CUS-00113,lanternfield_visa_signature_credit,REG_Z,2023-02-03,open,3000,24.99,2,pay_in_full,false,
ACC-DDA-00019,CUS-00113,lanternfield_visa_debit_checking,REG_E,2023-02-03,open,,,28,,,2023-02-07
ACC-CR-00101,CUS-00114,lanternfield_visa_signature_credit,REG_Z,2022-11-12,open,10000,22.49,28,pay_in_full,false,
ACC-CR-00102,CUS-00115,lanternfield_visa_signature_credit,REG_Z,2015-11-23,open,15000,29.49,4,partial,false,
ACC-CR-00103,CUS-00116,lanternfield_visa_signature_credit,REG_Z,2026-06-26,open,10000,27.24,8,pay_in_full,false,
ACC-CR-00104,CUS-00117,lanternfield_visa_signature_credit,REG_Z,2020-08-27,open,1500,27.24,27,pay_in_full,false,
ACC-CR-00105,CUS-00118,lanternfield_visa_signature_credit,REG_Z,2024-03-07,open,15000,24.99,27,partial,false,
ACC-CR-00106,CUS-00119,lanternfield_visa_signature_credit,REG_Z,2025-04-19,open,3000,24.99,24,pay_in_full,false,
ACC-DDA-00020,CUS-00119,lanternfield_visa_debit_checking,REG_E,2025-04-19,open,,,28,,,2025-04-24
ACC-CR-00107,CUS-00120,lanternfield_visa_signature_credit,REG_Z,2009-05-08,open,10000,27.24,13,pay_in_full,true,
ACC-CR-00108,CUS-00121,lanternfield_visa_signature_credit,REG_Z,2010-03-02,open,5000,19.99,22,pay_in_full,true,
ACC-CR-00109,CUS-00122,lanternfield_visa_signature_credit,REG_Z,2009-11-16,open,7500,24.99,23,partial,true,
ACC-CR-00110,CUS-00123,lanternfield_visa_signature_credit,REG_Z,2010-02-26,open,3000,29.49,21,partial,false,
ACC-DDA-00021,CUS-00123,lanternfield_visa_debit_checking,REG_E,2010-02-26,open,,,28,,,2010-02-28
ACC-CR-00111,CUS-00124,lanternfield_visa_signature_credit,REG_Z,2016-05-25,open,1500,22.49,22,partial,false,
ACC-CR-00112,CUS-00125,lanternfield_visa_signature_credit,REG_Z,2008-08-10,open,7500,29.49,2,partial,true,
ACC-CR-00113,CUS-00127,lanternfield_visa_signature_credit,REG_Z,2023-10-16,open,25000,27.24,21,partial,false,
ACC-CR-00114,CUS-00128,lanternfield_visa_signature_credit,REG_Z,2019-11-11,open,7500,22.49,16,partial,true,
ACC-DDA-00022,CUS-00129,lanternfield_visa_debit_checking,REG_E,2020-11-21,open,,,28,,,2020-11-22
ACC-CR-00115,CUS-00130,lanternfield_visa_signature_credit,REG_Z,2014-07-23,open,5000,29.49,3,pay_in_full,false,
ACC-DDA-00023,CUS-00130,lanternfield_visa_debit_checking,REG_E,2014-07-23,open,,,28,,,2014-07-24
ACC-CR-00116,CUS-00131,lanternfield_visa_signature_credit,REG_Z,2018-05-08,open,25000,19.99,11,partial,false,
ACC-CR-00117,CUS-00132,lanternfield_visa_signature_credit,REG_Z,2019-01-12,open,7500,24.99,13,partial,true,
ACC-DDA-00024,CUS-00133,lanternfield_visa_debit_checking,REG_E,2012-04-07,open,,,28,,,2012-04-09
ACC-DDA-00025,CUS-00134,lanternfield_visa_debit_checking,REG_E,2025-04-24,open,,,28,,,2025-04-26
ACC-CR-00118,CUS-00135,lanternfield_visa_signature_credit,REG_Z,2019-08-16,open,5000,22.49,4,partial,true,
ACC-CR-00119,CUS-00136,lanternfield_visa_signature_credit,REG_Z,2009-04-27,open,15000,27.24,19,partial,false,
ACC-CR-00120,CUS-00138,lanternfield_visa_signature_credit,REG_Z,2022-10-08,open,25000,24.99,3,partial,true,
ACC-CR-00121,CUS-00139,lanternfield_visa_signature_credit,REG_Z,2016-07-15,open,3000,19.99,10,pay_in_full,false,
ACC-DDA-00026,CUS-00139,lanternfield_visa_debit_checking,REG_E,2016-07-15,open,,,28,,,2016-07-19
ACC-DDA-00027,CUS-00140,lanternfield_visa_debit_checking,REG_E,2016-09-04,open,,,28,,,2016-09-08
ACC-CR-00122,CUS-00141,lanternfield_visa_signature_credit,REG_Z,2021-05-03,open,3000,19.99,17,pay_in_full,true,
ACC-CR-00123,CUS-00143,lanternfield_visa_signature_credit,REG_Z,2022-01-04,open,7500,27.24,17,pay_in_full,false,
ACC-CR-00124,CUS-00144,lanternfield_visa_signature_credit,REG_Z,2014-09-19,open,25000,24.99,26,partial,true,
ACC-CR-00125,CUS-00145,lanternfield_visa_signature_credit,REG_Z,2019-12-07,open,5000,22.49,17,partial,false,
ACC-CR-00126,CUS-00146,lanternfield_visa_signature_credit,REG_Z,2016-01-01,open,15000,24.99,1,pay_in_full,false,
ACC-CR-00127,CUS-00147,lanternfield_visa_signature_credit,REG_Z,2022-11-02,open,25000,19.99,5,pay_in_full,false,
ACC-CR-00128,CUS-00148,lanternfield_visa_signature_credit,REG_Z,2014-10-12,open,1500,19.99,10,pay_in_full,true,
ACC-CR-00129,CUS-00150,lanternfield_visa_signature_credit,REG_Z,2022-03-07,open,5000,27.24,10,minimum,false,
ACC-CR-00130,CUS-00151,lanternfield_visa_signature_credit,REG_Z,2018-02-18,open,10000,22.49,27,pay_in_full,false,
ACC-CR-00131,CUS-00152,lanternfield_visa_signature_credit,REG_Z,2024-07-01,open,15000,27.24,3,partial,false,
ACC-DDA-00028,CUS-00153,lanternfield_visa_debit_checking,REG_E,2025-08-14,open,,,28,,,2025-08-19
ACC-CR-00132,CUS-00154,lanternfield_visa_signature_credit,REG_Z,2021-06-18,open,7500,27.24,14,partial,false,
ACC-CR-00133,CUS-00155,lanternfield_visa_signature_credit,REG_Z,2008-04-28,open,1500,27.24,27,partial,true,
ACC-CR-00134,CUS-00156,lanternfield_visa_signature_credit,REG_Z,2024-01-09,open,1500,22.49,28,pay_in_full,true,
ACC-DDA-00029,CUS-00156,lanternfield_visa_debit_checking,REG_E,2024-01-09,open,,,28,,,2024-01-11
ACC-CR-00135,CUS-00158,lanternfield_visa_signature_credit,REG_Z,2022-08-22,open,25000,22.49,14,partial,false,
ACC-CR-00136,CUS-00159,lanternfield_visa_signature_credit,REG_Z,2022-01-08,open,3000,27.24,9,partial,true,
ACC-CR-00137,CUS-00160,lanternfield_visa_signature_credit,REG_Z,2017-03-09,open,25000,19.99,23,partial,false,
ACC-DDA-00030,CUS-00161,lanternfield_visa_debit_checking,REG_E,2021-04-15,open,,,28,,,2021-04-18
ACC-CR-00138,CUS-00162,lanternfield_visa_signature_credit,REG_Z,2012-09-11,open,15000,24.99,10,pay_in_full,true,
ACC-CR-00139,CUS-00163,lanternfield_visa_signature_credit,REG_Z,2025-01-07,open,15000,27.24,24,pay_in_full,false,
ACC-CR-00140,CUS-00164,lanternfield_visa_signature_credit,REG_Z,2024-02-12,open,10000,19.99,21,minimum,true,
ACC-CR-00141,CUS-00165,lanternfield_visa_signature_credit,REG_Z,2011-03-03,open,3000,29.49,20,pay_in_full,true,
ACC-CR-00142,CUS-00166,lanternfield_visa_signature_credit,REG_Z,2015-12-24,open,25000,27.24,21,pay_in_full,true,
ACC-CR-00143,CUS-00167,lanternfield_visa_signature_credit,REG_Z,2015-01-08,open,3000,22.49,10,minimum,true,
ACC-CR-00144,CUS-00168,lanternfield_visa_signature_credit,REG_Z,2021-06-07,open,7500,19.99,22,pay_in_full,false,
ACC-CR-00145,CUS-00169,lanternfield_visa_signature_credit,REG_Z,2019-02-14,open,15000,24.99,24,partial,true,
ACC-CR-00146,CUS-00170,lanternfield_visa_signature_credit,REG_Z,2010-10-18,open,10000,22.49,27,pay_in_full,true,
ACC-CR-00147,CUS-00171,lanternfield_visa_signature_credit,REG_Z,2021-04-16,open,15000,22.49,11,pay_in_full,true,
ACC-CR-00148,CUS-00172,lanternfield_visa_signature_credit,REG_Z,2022-12-21,open,3000,22.49,1,partial,true,
ACC-CR-00149,CUS-00173,lanternfield_visa_signature_credit,REG_Z,2025-03-13,open,5000,29.49,6,partial,false,
ACC-CR-00150,CUS-00174,lanternfield_visa_signature_credit,REG_Z,2015-03-05,open,15000,22.49,25,pay_in_full,true,
ACC-DDA-00031,CUS-00174,lanternfield_visa_debit_checking,REG_E,2015-03-05,open,,,28,,,2015-03-09
ACC-CR-00151,CUS-00175,lanternfield_visa_signature_credit,REG_Z,2012-03-26,open,10000,24.99,8,partial,true,
ACC-CR-00152,CUS-00176,lanternfield_visa_signature_credit,REG_Z,2008-03-07,open,10000,29.49,15,pay_in_full,true,
ACC-CR-00153,CUS-00177,lanternfield_visa_signature_credit,REG_Z,2016-06-10,open,3000,27.24,24,pay_in_full,false,
ACC-DDA-00032,CUS-00179,lanternfield_visa_debit_checking,REG_E,2010-04-04,open,,,28,,,2010-04-05
ACC-CR-00154,CUS-00180,lanternfield_visa_signature_credit,REG_Z,2021-06-04,open,7500,24.99,28,partial,true,
ACC-DDA-00033,CUS-00180,lanternfield_visa_debit_checking,REG_E,2021-06-04,open,,,28,,,2021-06-09
ACC-CR-00155,CUS-00181,lanternfield_visa_signature_credit,REG_Z,2020-11-19,open,15000,29.49,21,partial,true,
ACC-DDA-00034,CUS-00181,lanternfield_visa_debit_checking,REG_E,2020-11-19,open,,,28,,,2020-11-20
ACC-CR-00156,CUS-00182,lanternfield_visa_signature_credit,REG_Z,2015-01-05,open,15000,29.49,18,partial,true,
ACC-CR-00157,CUS-00183,lanternfield_visa_signature_credit,REG_Z,2010-01-24,open,1500,24.99,9,partial,true,
ACC-CR-00158,CUS-00184,lanternfield_visa_signature_credit,REG_Z,2019-01-19,open,15000,29.49,9,pay_in_full,false,
ACC-CR-00159,CUS-00185,lanternfield_visa_signature_credit,REG_Z,2018-10-25,open,7500,22.49,18,minimum,false,
ACC-CR-00160,CUS-00186,lanternfield_visa_signature_credit,REG_Z,2017-02-17,open,1500,27.24,7,pay_in_full,true,
ACC-DDA-00035,CUS-00186,lanternfield_visa_debit_checking,REG_E,2017-02-17,open,,,28,,,2017-02-18
ACC-CR-00161,CUS-00187,lanternfield_visa_signature_credit,REG_Z,2009-11-23,open,10000,27.24,1,partial,false,
ACC-CR-00162,CUS-00188,lanternfield_visa_signature_credit,REG_Z,2016-11-03,open,15000,24.99,23,pay_in_full,true,
ACC-CR-00163,CUS-00189,lanternfield_visa_signature_credit,REG_Z,2011-05-06,open,3000,24.99,5,pay_in_full,false,
ACC-CR-00164,CUS-00190,lanternfield_visa_signature_credit,REG_Z,2018-09-23,open,3000,19.99,17,pay_in_full,true,
ACC-CR-00165,CUS-00191,lanternfield_visa_signature_credit,REG_Z,2023-04-18,open,1500,27.24,16,pay_in_full,true,
ACC-DDA-00036,CUS-00191,lanternfield_visa_debit_checking,REG_E,2023-04-18,open,,,28,,,2023-04-19
ACC-CR-00166,CUS-00192,lanternfield_visa_signature_credit,REG_Z,2010-04-08,open,3000,29.49,9,minimum,false,
ACC-CR-00167,CUS-00193,lanternfield_visa_signature_credit,REG_Z,2021-08-10,open,15000,29.49,23,partial,true,
ACC-CR-00168,CUS-00195,lanternfield_visa_signature_credit,REG_Z,2017-07-13,open,10000,22.49,3,minimum,false,
ACC-DDA-00037,CUS-00195,lanternfield_visa_debit_checking,REG_E,2017-07-13,open,,,28,,,2017-07-17
ACC-CR-00169,CUS-00196,lanternfield_visa_signature_credit,REG_Z,2011-05-21,open,3000,22.49,23,pay_in_full,false,
ACC-CR-00170,CUS-00198,lanternfield_visa_signature_credit,REG_Z,2008-10-01,open,1500,19.99,3,pay_in_full,false,
ACC-CR-00171,CUS-00199,lanternfield_visa_signature_credit,REG_Z,2009-05-02,open,10000,24.99,13,pay_in_full,false,
ACC-DDA-00038,CUS-00199,lanternfield_visa_debit_checking,REG_E,2009-05-02,open,,,28,,,2009-05-03
ACC-CR-00172,CUS-00201,lanternfield_visa_signature_credit,REG_Z,2016-04-17,open,7500,29.49,27,pay_in_full,true,
ACC-CR-00173,CUS-00202,lanternfield_visa_signature_credit,REG_Z,2022-10-15,open,10000,19.99,22,pay_in_full,false,
ACC-CR-00174,CUS-00203,lanternfield_visa_signature_credit,REG_Z,2023-03-21,open,10000,24.99,4,minimum,true,
ACC-DDA-00039,CUS-00203,lanternfield_visa_debit_checking,REG_E,2023-03-21,open,,,28,,,2023-03-25
ACC-CR-00175,CUS-00204,lanternfield_visa_signature_credit,REG_Z,2010-07-07,open,15000,22.49,4,partial,false,
ACC-CR-00176,CUS-00205,lanternfield_visa_signature_credit,REG_Z,2012-08-04,open,7500,22.49,20,pay_in_full,false,
ACC-CR-00177,CUS-00206,lanternfield_visa_signature_credit,REG_Z,2023-06-26,open,7500,27.24,1,partial,false,
ACC-DDA-00040,CUS-00207,lanternfield_visa_debit_checking,REG_E,2021-01-26,open,,,28,,,2021-01-30
ACC-DDA-00041,CUS-00208,lanternfield_visa_debit_checking,REG_E,2021-06-13,open,,,28,,,2021-06-14
ACC-CR-00178,CUS-00209,lanternfield_visa_signature_credit,REG_Z,2021-05-06,open,1500,24.99,19,partial,false,
ACC-CR-00179,CUS-00210,lanternfield_visa_signature_credit,REG_Z,2010-07-20,open,10000,19.99,7,partial,true,
ACC-CR-00180,CUS-00211,lanternfield_visa_signature_credit,REG_Z,2013-12-02,open,5000,22.49,24,partial,false,
ACC-DDA-00042,CUS-00211,lanternfield_visa_debit_checking,REG_E,2013-12-02,open,,,28,,,2013-12-03
ACC-CR-00181,CUS-00212,lanternfield_visa_signature_credit,REG_Z,2026-06-28,open,1500,24.99,18,pay_in_full,true,
ACC-CR-00182,CUS-00213,lanternfield_visa_signature_credit,REG_Z,2012-09-03,open,15000,19.99,24,partial,false,
ACC-CR-00183,CUS-00214,lanternfield_visa_signature_credit,REG_Z,2010-12-09,open,10000,24.99,23,pay_in_full,false,
ACC-CR-00184,CUS-00215,lanternfield_visa_signature_credit,REG_Z,2017-07-26,open,3000,29.49,13,pay_in_full,true,
ACC-CR-00185,CUS-00216,lanternfield_visa_signature_credit,REG_Z,2021-02-21,open,10000,27.24,20,minimum,false,
ACC-DDA-00043,CUS-00216,lanternfield_visa_debit_checking,REG_E,2021-02-21,open,,,28,,,2021-02-23
ACC-DDA-00044,CUS-00217,lanternfield_visa_debit_checking,REG_E,2010-10-20,open,,,28,,,2010-10-25
ACC-CR-00186,CUS-00218,lanternfield_visa_signature_credit,REG_Z,2024-06-14,open,5000,29.49,5,partial,true,
ACC-DDA-00045,CUS-00218,lanternfield_visa_debit_checking,REG_E,2024-06-14,open,,,28,,,2024-06-18
ACC-CR-00187,CUS-00219,lanternfield_visa_signature_credit,REG_Z,2013-08-01,open,25000,24.99,13,partial,true,
ACC-CR-00188,CUS-00220,lanternfield_visa_signature_credit,REG_Z,2022-02-23,open,10000,27.24,2,pay_in_full,true,
ACC-CR-00189,CUS-00221,lanternfield_visa_signature_credit,REG_Z,2025-02-05,open,1500,22.49,6,partial,false,
ACC-DDA-00046,CUS-00221,lanternfield_visa_debit_checking,REG_E,2025-02-05,open,,,28,,,2025-02-10
ACC-CR-00190,CUS-00222,lanternfield_visa_signature_credit,REG_Z,2026-06-16,open,25000,22.49,23,pay_in_full,true,
ACC-DDA-00047,CUS-00223,lanternfield_visa_debit_checking,REG_E,2011-10-20,open,,,28,,,2011-10-23
ACC-CR-00191,CUS-00224,lanternfield_visa_signature_credit,REG_Z,2026-06-21,open,5000,29.49,19,pay_in_full,true,
ACC-CR-00192,CUS-00225,lanternfield_visa_signature_credit,REG_Z,2013-05-07,open,3000,27.24,10,pay_in_full,false,
ACC-CR-00193,CUS-00226,lanternfield_visa_signature_credit,REG_Z,2025-07-28,open,5000,22.49,1,minimum,true,
ACC-CR-00194,CUS-00227,lanternfield_visa_signature_credit,REG_Z,2018-05-09,open,15000,24.99,17,partial,false,
ACC-CR-00195,CUS-00228,lanternfield_visa_signature_credit,REG_Z,2022-11-05,open,1500,29.49,8,pay_in_full,false,
ACC-CR-00196,CUS-00229,lanternfield_visa_signature_credit,REG_Z,2021-11-12,open,10000,27.24,6,partial,false,
ACC-CR-00197,CUS-00230,lanternfield_visa_signature_credit,REG_Z,2019-02-09,open,1500,27.24,25,partial,false,
ACC-CR-00198,CUS-00231,lanternfield_visa_signature_credit,REG_Z,2025-09-14,open,1500,24.99,26,partial,false,
ACC-CR-00199,CUS-00232,lanternfield_visa_signature_credit,REG_Z,2016-12-21,open,7500,22.49,12,pay_in_full,true,
ACC-DDA-00048,CUS-00232,lanternfield_visa_debit_checking,REG_E,2016-12-21,open,,,28,,,2016-12-23
ACC-CR-00200,CUS-00233,lanternfield_visa_signature_credit,REG_Z,2022-08-05,open,1500,19.99,4,partial,false,
ACC-DDA-00049,CUS-00233,lanternfield_visa_debit_checking,REG_E,2022-08-05,open,,,28,,,2022-08-09
ACC-CR-00201,CUS-00234,lanternfield_visa_signature_credit,REG_Z,2026-06-23,open,25000,22.49,17,partial,true,
ACC-CR-00202,CUS-00235,lanternfield_visa_signature_credit,REG_Z,2017-09-27,open,25000,24.99,7,partial,false,
ACC-CR-00203,CUS-00236,lanternfield_visa_signature_credit,REG_Z,2022-08-01,open,10000,19.99,21,partial,true,
ACC-CR-00204,CUS-00237,lanternfield_visa_signature_credit,REG_Z,2025-04-22,open,3000,19.99,15,pay_in_full,false,
ACC-CR-00205,CUS-00238,lanternfield_visa_signature_credit,REG_Z,2020-07-19,open,7500,22.49,22,pay_in_full,false,
ACC-DDA-00050,CUS-00239,lanternfield_visa_debit_checking,REG_E,2008-05-17,open,,,28,,,2008-05-19
ACC-DDA-00051,CUS-00240,lanternfield_visa_debit_checking,REG_E,2014-09-09,open,,,28,,,2014-09-12
ACC-DDA-00052,CUS-00241,lanternfield_visa_debit_checking,REG_E,2023-09-28,open,,,28,,,2023-10-03
ACC-DDA-00053,CUS-00242,lanternfield_visa_debit_checking,REG_E,2014-03-27,open,,,28,,,2014-03-29
ACC-CR-00206,CUS-00243,lanternfield_visa_signature_credit,REG_Z,2017-06-12,open,10000,27.24,18,partial,true,
ACC-CR-00207,CUS-00244,lanternfield_visa_signature_credit,REG_Z,2021-12-22,open,25000,19.99,3,pay_in_full,false,
ACC-CR-00208,CUS-00245,lanternfield_visa_signature_credit,REG_Z,2018-03-28,open,25000,27.24,24,partial,false,
ACC-CR-00209,CUS-00246,lanternfield_visa_signature_credit,REG_Z,2013-11-02,open,3000,22.49,10,partial,true,
ACC-DDA-00054,CUS-00246,lanternfield_visa_debit_checking,REG_E,2013-11-02,open,,,28,,,2013-11-03
ACC-CR-00210,CUS-00247,lanternfield_visa_signature_credit,REG_Z,2017-10-08,open,10000,19.99,14,pay_in_full,false,
ACC-CR-00211,CUS-00248,lanternfield_visa_signature_credit,REG_Z,2018-02-14,open,5000,19.99,15,partial,true,
ACC-CR-00212,CUS-00250,lanternfield_visa_signature_credit,REG_Z,2022-10-08,open,5000,24.99,24,pay_in_full,true,
ACC-CR-00213,CUS-00251,lanternfield_visa_signature_credit,REG_Z,2026-06-01,open,10000,27.24,10,pay_in_full,true,
ACC-CR-00214,CUS-00252,lanternfield_visa_signature_credit,REG_Z,2023-02-13,open,1500,27.24,28,partial,false,
ACC-CR-00215,CUS-00253,lanternfield_visa_signature_credit,REG_Z,2017-12-02,open,25000,29.49,26,pay_in_full,false,
ACC-CR-00216,CUS-00254,lanternfield_visa_signature_credit,REG_Z,2025-06-07,open,1500,19.99,11,pay_in_full,true,
ACC-CR-00217,CUS-00255,lanternfield_visa_signature_credit,REG_Z,2016-05-15,open,10000,22.49,7,partial,true,
ACC-CR-00218,CUS-00256,lanternfield_visa_signature_credit,REG_Z,2011-10-02,open,7500,29.49,13,partial,false,
ACC-CR-00219,CUS-00257,lanternfield_visa_signature_credit,REG_Z,2020-12-11,open,7500,24.99,27,partial,true,
ACC-CR-00220,CUS-00258,lanternfield_visa_signature_credit,REG_Z,2012-04-13,open,10000,27.24,11,pay_in_full,true,
ACC-CR-00221,CUS-00259,lanternfield_visa_signature_credit,REG_Z,2022-04-09,open,15000,27.24,18,pay_in_full,true,
ACC-CR-00222,CUS-00260,lanternfield_visa_signature_credit,REG_Z,2026-06-08,open,25000,29.49,4,pay_in_full,false,
ACC-CR-00223,CUS-00261,lanternfield_visa_signature_credit,REG_Z,2026-06-16,open,10000,19.99,22,pay_in_full,false,
ACC-CR-00224,CUS-00262,lanternfield_visa_signature_credit,REG_Z,2017-07-20,open,15000,19.99,24,partial,true,
ACC-CR-00225,CUS-00263,lanternfield_visa_signature_credit,REG_Z,2012-08-17,open,3000,22.49,4,partial,true,
ACC-CR-00226,CUS-00264,lanternfield_visa_signature_credit,REG_Z,2018-02-14,open,5000,27.24,16,minimum,false,
ACC-CR-00227,CUS-00266,lanternfield_visa_signature_credit,REG_Z,2022-06-10,open,25000,27.24,9,pay_in_full,false,
ACC-CR-00228,CUS-00267,lanternfield_visa_signature_credit,REG_Z,2019-01-18,open,25000,27.24,21,pay_in_full,true,
ACC-CR-00229,CUS-00268,lanternfield_visa_signature_credit,REG_Z,2023-03-17,open,10000,29.49,8,pay_in_full,true,
ACC-CR-00230,CUS-00269,lanternfield_visa_signature_credit,REG_Z,2008-05-03,open,10000,24.99,1,pay_in_full,false,
ACC-CR-00231,CUS-00270,lanternfield_visa_signature_credit,REG_Z,2009-01-21,open,5000,24.99,20,minimum,false,
ACC-CR-00232,CUS-00271,lanternfield_visa_signature_credit,REG_Z,2020-01-24,open,25000,27.24,18,pay_in_full,false,
ACC-CR-00233,CUS-00273,lanternfield_visa_signature_credit,REG_Z,2012-01-13,open,5000,22.49,14,pay_in_full,true,
ACC-CR-00234,CUS-00274,lanternfield_visa_signature_credit,REG_Z,2014-06-12,open,7500,19.99,6,pay_in_full,true,
ACC-CR-00235,CUS-00275,lanternfield_visa_signature_credit,REG_Z,2026-06-09,open,10000,22.49,25,pay_in_full,true,
ACC-DDA-00055,CUS-00275,lanternfield_visa_debit_checking,REG_E,2026-06-09,open,,,28,,,2026-06-14
ACC-DDA-00056,CUS-00276,lanternfield_visa_debit_checking,REG_E,2025-05-20,open,,,28,,,2025-05-23
ACC-CR-00236,CUS-00277,lanternfield_visa_signature_credit,REG_Z,2013-07-04,open,3000,19.99,26,pay_in_full,false,
ACC-CR-00237,CUS-00278,lanternfield_visa_signature_credit,REG_Z,2011-01-14,open,3000,19.99,12,pay_in_full,false,
ACC-DDA-00057,CUS-00278,lanternfield_visa_debit_checking,REG_E,2011-01-14,open,,,28,,,2011-01-18
ACC-CR-00238,CUS-00279,lanternfield_visa_signature_credit,REG_Z,2021-10-07,open,5000,29.49,18,pay_in_full,false,
ACC-CR-00239,CUS-00280,lanternfield_visa_signature_credit,REG_Z,2026-06-23,open,10000,29.49,26,minimum,false,
ACC-CR-00240,CUS-00281,lanternfield_visa_signature_credit,REG_Z,2021-10-06,open,15000,19.99,24,pay_in_full,false,
ACC-DDA-00058,CUS-00281,lanternfield_visa_debit_checking,REG_E,2021-10-06,open,,,28,,,2021-10-10
ACC-CR-00241,CUS-00282,lanternfield_visa_signature_credit,REG_Z,2015-03-07,open,7500,29.49,28,minimum,false,
ACC-CR-00242,CUS-00283,lanternfield_visa_signature_credit,REG_Z,2025-04-07,open,15000,24.99,3,pay_in_full,true,
ACC-CR-00243,CUS-00284,lanternfield_visa_signature_credit,REG_Z,2013-04-01,open,25000,27.24,25,partial,true,
ACC-CR-00244,CUS-00285,lanternfield_visa_signature_credit,REG_Z,2018-04-18,open,1500,29.49,15,pay_in_full,true,
ACC-DDA-00059,CUS-00285,lanternfield_visa_debit_checking,REG_E,2018-04-18,open,,,28,,,2018-04-20
ACC-CR-00245,CUS-00286,lanternfield_visa_signature_credit,REG_Z,2021-07-23,open,15000,27.24,28,pay_in_full,false,
ACC-CR-00246,CUS-00287,lanternfield_visa_signature_credit,REG_Z,2019-07-02,open,7500,19.99,4,pay_in_full,false,
ACC-CR-00247,CUS-00288,lanternfield_visa_signature_credit,REG_Z,2025-02-03,open,15000,24.99,5,partial,true,
ACC-CR-00248,CUS-00290,lanternfield_visa_signature_credit,REG_Z,2016-01-08,open,1500,29.49,22,pay_in_full,false,
ACC-CR-00249,CUS-00291,lanternfield_visa_signature_credit,REG_Z,2013-05-11,open,3000,19.99,23,partial,false,
ACC-DDA-00060,CUS-00291,lanternfield_visa_debit_checking,REG_E,2013-05-11,open,,,28,,,2013-05-16
ACC-CR-00250,CUS-00292,lanternfield_visa_signature_credit,REG_Z,2017-10-22,open,3000,24.99,14,pay_in_full,false,
ACC-CR-00251,CUS-00293,lanternfield_visa_signature_credit,REG_Z,2012-01-21,open,1500,24.99,14,minimum,false,
ACC-CR-00252,CUS-00294,lanternfield_visa_signature_credit,REG_Z,2018-08-26,open,3000,29.49,7,pay_in_full,true,
ACC-CR-00253,CUS-00295,lanternfield_visa_signature_credit,REG_Z,2011-02-01,open,3000,24.99,4,pay_in_full,true,
ACC-CR-00254,CUS-00296,lanternfield_visa_signature_credit,REG_Z,2025-08-05,open,7500,29.49,8,minimum,false,
ACC-CR-00255,CUS-00298,lanternfield_visa_signature_credit,REG_Z,2024-04-20,open,10000,19.99,2,partial,true,
ACC-CR-00256,CUS-00299,lanternfield_visa_signature_credit,REG_Z,2019-12-07,open,1500,22.49,21,partial,true,
ACC-DDA-00061,CUS-00299,lanternfield_visa_debit_checking,REG_E,2019-12-07,open,,,28,,,2019-12-09
ACC-CR-00257,CUS-00300,lanternfield_visa_signature_credit,REG_Z,2009-05-23,open,7500,29.49,7,minimum,false,
ACC-DDA-00062,CUS-00300,lanternfield_visa_debit_checking,REG_E,2009-05-23,open,,,28,,,2009-05-24
ACC-CR-00258,CUS-00301,lanternfield_visa_signature_credit,REG_Z,2013-01-03,open,1500,22.49,8,partial,false,
ACC-CR-00259,CUS-00302,lanternfield_visa_signature_credit,REG_Z,2015-04-01,open,15000,27.24,28,partial,true,
ACC-CR-00260,CUS-00303,lanternfield_visa_signature_credit,REG_Z,2015-06-23,open,10000,29.49,25,partial,true,
ACC-DDA-00063,CUS-00303,lanternfield_visa_debit_checking,REG_E,2015-06-23,open,,,28,,,2015-06-27
ACC-CR-00261,CUS-00304,lanternfield_visa_signature_credit,REG_Z,2024-06-17,open,7500,22.49,22,pay_in_full,true,
ACC-CR-00262,CUS-00306,lanternfield_visa_signature_credit,REG_Z,2013-04-25,open,10000,27.24,25,pay_in_full,true,
ACC-DDA-00064,CUS-00306,lanternfield_visa_debit_checking,REG_E,2013-04-25,open,,,28,,,2013-04-28
ACC-CR-00263,CUS-00307,lanternfield_visa_signature_credit,REG_Z,2008-08-17,open,3000,19.99,6,pay_in_full,false,
ACC-CR-00264,CUS-00308,lanternfield_visa_signature_credit,REG_Z,2010-11-18,open,10000,19.99,20,pay_in_full,false,
ACC-CR-00265,CUS-00309,lanternfield_visa_signature_credit,REG_Z,2009-08-25,open,25000,27.24,20,pay_in_full,true,
ACC-DDA-00065,CUS-00309,lanternfield_visa_debit_checking,REG_E,2009-08-25,open,,,28,,,2009-08-27
ACC-CR-00266,CUS-00310,lanternfield_visa_signature_credit,REG_Z,2013-08-23,open,25000,22.49,8,pay_in_full,true,
ACC-CR-00267,CUS-00311,lanternfield_visa_signature_credit,REG_Z,2024-01-11,open,25000,27.24,22,pay_in_full,true,
ACC-CR-00268,CUS-00312,lanternfield_visa_signature_credit,REG_Z,2024-02-21,open,10000,19.99,12,minimum,false,
ACC-DDA-00066,CUS-00313,lanternfield_visa_debit_checking,REG_E,2010-03-22,open,,,28,,,2010-03-24
ACC-CR-00269,CUS-00314,lanternfield_visa_signature_credit,REG_Z,2008-02-12,open,25000,19.99,10,pay_in_full,true,
ACC-CR-00270,CUS-00315,lanternfield_visa_signature_credit,REG_Z,2024-05-25,open,15000,22.49,26,pay_in_full,false,
ACC-DDA-00067,CUS-00316,lanternfield_visa_debit_checking,REG_E,2024-12-11,open,,,28,,,2024-12-16
ACC-CR-00271,CUS-00317,lanternfield_visa_signature_credit,REG_Z,2018-10-16,open,5000,24.99,22,pay_in_full,false,
ACC-DDA-00068,CUS-00317,lanternfield_visa_debit_checking,REG_E,2018-10-16,open,,,28,,,2018-10-19
ACC-DDA-00069,CUS-00318,lanternfield_visa_debit_checking,REG_E,2021-07-01,open,,,28,,,2021-07-06
ACC-DDA-00070,CUS-00319,lanternfield_visa_debit_checking,REG_E,2022-12-06,open,,,28,,,2022-12-09
ACC-CR-00272,CUS-00320,lanternfield_visa_signature_credit,REG_Z,2018-04-23,open,10000,24.99,17,pay_in_full,false,
ACC-CR-00273,CUS-00321,lanternfield_visa_signature_credit,REG_Z,2024-10-22,open,1500,29.49,8,pay_in_full,false,
ACC-DDA-00071,CUS-00322,lanternfield_visa_debit_checking,REG_E,2015-05-26,open,,,28,,,2015-05-29
ACC-CR-00274,CUS-00323,lanternfield_visa_signature_credit,REG_Z,2023-08-24,open,15000,27.24,8,pay_in_full,false,
ACC-DDA-00072,CUS-00323,lanternfield_visa_debit_checking,REG_E,2023-08-24,open,,,28,,,2023-08-25
ACC-CR-00275,CUS-00324,lanternfield_visa_signature_credit,REG_Z,2010-11-22,open,3000,24.99,8,pay_in_full,false,
ACC-CR-00276,CUS-00325,lanternfield_visa_signature_credit,REG_Z,2013-03-13,open,10000,19.99,13,partial,false,
ACC-CR-00277,CUS-00326,lanternfield_visa_signature_credit,REG_Z,2011-11-09,open,10000,22.49,20,partial,true,
ACC-CR-00278,CUS-00327,lanternfield_visa_signature_credit,REG_Z,2014-12-07,open,7500,22.49,14,partial,true,
ACC-CR-00279,CUS-00328,lanternfield_visa_signature_credit,REG_Z,2011-11-09,open,10000,27.24,4,partial,false,
ACC-CR-00280,CUS-00329,lanternfield_visa_signature_credit,REG_Z,2023-07-08,open,3000,29.49,22,partial,true,
ACC-CR-00281,CUS-00330,lanternfield_visa_signature_credit,REG_Z,2019-06-24,open,5000,24.99,25,partial,false,
ACC-CR-00282,CUS-00331,lanternfield_visa_signature_credit,REG_Z,2019-08-09,open,5000,27.24,13,pay_in_full,false,
ACC-CR-00283,CUS-00332,lanternfield_visa_signature_credit,REG_Z,2023-07-10,open,15000,24.99,16,pay_in_full,false,
ACC-CR-00284,CUS-00333,lanternfield_visa_signature_credit,REG_Z,2015-06-01,open,1500,27.24,11,partial,false,
ACC-CR-00285,CUS-00334,lanternfield_visa_signature_credit,REG_Z,2024-12-08,open,1500,27.24,3,pay_in_full,true,
ACC-DDA-00073,CUS-00335,lanternfield_visa_debit_checking,REG_E,2017-09-16,open,,,28,,,2017-09-17
ACC-CR-00286,CUS-00336,lanternfield_visa_signature_credit,REG_Z,2022-05-27,open,10000,24.99,10,pay_in_full,true,
ACC-CR-00287,CUS-00337,lanternfield_visa_signature_credit,REG_Z,2009-04-24,open,3000,22.49,6,partial,true,
ACC-CR-00288,CUS-00338,lanternfield_visa_signature_credit,REG_Z,2012-07-07,open,3000,22.49,1,pay_in_full,false,
ACC-DDA-00074,CUS-00338,lanternfield_visa_debit_checking,REG_E,2012-07-07,open,,,28,,,2012-07-10
ACC-CR-00289,CUS-00339,lanternfield_visa_signature_credit,REG_Z,2014-10-03,open,25000,19.99,6,pay_in_full,true,
ACC-DDA-00075,CUS-00340,lanternfield_visa_debit_checking,REG_E,2024-02-17,open,,,28,,,2024-02-19
ACC-CR-00290,CUS-00341,lanternfield_visa_signature_credit,REG_Z,2018-09-26,open,5000,19.99,25,pay_in_full,true,
ACC-CR-00291,CUS-00342,lanternfield_visa_signature_credit,REG_Z,2014-04-04,open,5000,19.99,1,partial,false,
ACC-CR-00292,CUS-00343,lanternfield_visa_signature_credit,REG_Z,2025-07-18,open,15000,27.24,28,pay_in_full,true,
ACC-CR-00293,CUS-00344,lanternfield_visa_signature_credit,REG_Z,2021-10-22,open,1500,29.49,20,pay_in_full,false,
ACC-CR-00294,CUS-00345,lanternfield_visa_signature_credit,REG_Z,2026-06-11,open,10000,24.99,3,pay_in_full,true,
ACC-DDA-00076,CUS-00345,lanternfield_visa_debit_checking,REG_E,2026-06-11,open,,,28,,,2026-06-13
ACC-CR-00295,CUS-00346,lanternfield_visa_signature_credit,REG_Z,2013-03-02,open,5000,29.49,16,pay_in_full,false,
ACC-CR-00296,CUS-00347,lanternfield_visa_signature_credit,REG_Z,2025-12-23,open,3000,24.99,15,pay_in_full,true,
ACC-DDA-00077,CUS-00347,lanternfield_visa_debit_checking,REG_E,2025-12-23,open,,,28,,,2025-12-25
ACC-CR-00297,CUS-00348,lanternfield_visa_signature_credit,REG_Z,2011-01-01,open,3000,27.24,28,pay_in_full,false,
ACC-CR-00298,CUS-00349,lanternfield_visa_signature_credit,REG_Z,2012-07-07,open,5000,19.99,9,pay_in_full,true,
ACC-DDA-00078,CUS-00349,lanternfield_visa_debit_checking,REG_E,2012-07-07,open,,,28,,,2012-07-09
ACC-CR-00299,CUS-00350,lanternfield_visa_signature_credit,REG_Z,2024-05-25,open,10000,22.49,4,partial,true,
ACC-DDA-00079,CUS-00350,lanternfield_visa_debit_checking,REG_E,2024-05-25,open,,,28,,,2024-05-28
ACC-CR-00300,CUS-00351,lanternfield_visa_signature_credit,REG_Z,2022-12-06,open,10000,19.99,11,pay_in_full,true,
ACC-CR-00301,CUS-00353,lanternfield_visa_signature_credit,REG_Z,2011-09-28,open,1500,24.99,27,partial,false,
ACC-CR-00302,CUS-00354,lanternfield_visa_signature_credit,REG_Z,2022-07-12,open,7500,19.99,21,pay_in_full,true,
ACC-CR-00303,CUS-00356,lanternfield_visa_signature_credit,REG_Z,2011-10-06,open,1500,27.24,11,minimum,false,
ACC-CR-00304,CUS-00357,lanternfield_visa_signature_credit,REG_Z,2024-02-13,open,10000,22.49,24,pay_in_full,true,
ACC-CR-90001,CUS-90001,lanternfield_visa_signature_credit,REG_Z,2019-03-11,open,25000,24.99,25,pay_in_full,false,
ACC-CR-90002,CUS-90002,lanternfield_visa_signature_credit,REG_Z,2016-05-02,open,7500,29.49,9,pay_in_full,true,
ACC-CR-90003,CUS-90003,lanternfield_visa_signature_credit,REG_Z,2014-08-19,open,7500,22.49,3,pay_in_full,false,
ACC-CR-90004,CUS-90004,lanternfield_visa_signature_credit,REG_Z,2012-02-10,open,1500,19.99,15,pay_in_full,true,
ACC-CR-90005,CUS-90005,lanternfield_visa_signature_credit,REG_Z,2015-10-01,open,1500,19.99,12,pay_in_full,true,
ACC-CR-90006,CUS-90006,lanternfield_visa_signature_credit,REG_Z,2020-02-14,open,15000,29.49,12,pay_in_full,false,
ACC-CR-90007,CUS-90007,lanternfield_visa_signature_credit,REG_Z,2011-06-30,open,15000,29.49,20,pay_in_full,false,
ACC-DDA-90008,CUS-90008,lanternfield_visa_debit_checking,REG_E,2026-09-24,open,,,28,,,2026-09-28
ACC-CR-90009,CUS-90009,lanternfield_visa_signature_credit,REG_Z,2021-04-07,open,5000,22.49,6,pay_in_full,false,
ACC-CR-90010,CUS-90010,lanternfield_visa_signature_credit,REG_Z,2013-09-01,open,3000,22.49,18,pay_in_full,true,
ACC-CR-90012,CUS-90012,lanternfield_visa_signature_credit,REG_Z,2017-05-22,open,10000,19.99,21,pay_in_full,false,
ACC-CR-90013,CUS-90013,lanternfield_visa_signature_credit,REG_Z,2026-03-10,open,3000,22.49,8,minimum,false,
ACC-CR-90014,CUS-90014,lanternfield_visa_signature_credit,REG_Z,2026-04-02,open,3000,29.49,8,minimum,true,
ACC-CR-90015,CUS-90015,lanternfield_visa_signature_credit,REG_Z,2026-04-20,open,3000,24.99,8,minimum,false,
ACC-CR-90016,CUS-90016,lanternfield_visa_signature_credit,REG_Z,2026-05-11,open,3000,24.99,8,minimum,false,
ACC-CR-90017,CUS-90017,lanternfield_visa_signature_credit,REG_Z,2014-07-15,open,7500,19.99,16,pay_in_full,true,
ACC-CR-90018,CUS-90018,lanternfield_visa_signature_credit,REG_Z,2018-01-08,open,7500,24.99,4,pay_in_full,true,
ACC-CR-90019,CUS-90019,lanternfield_visa_signature_credit,REG_Z,2010-03-03,open,25000,27.24,27,pay_in_full,true,
ACC-CR-90020,CUS-90020,lanternfield_visa_signature_credit,REG_Z,2018-09-09,open,7500,22.49,5,partial,true,
ACC-CR-90021,CUS-90021,lanternfield_visa_signature_credit,REG_Z,2019-12-01,open,5000,19.99,23,pay_in_full,false,
ACC-CR-90022,CUS-90022,lanternfield_visa_signature_credit,REG_Z,2009-05-05,open,25000,22.49,20,pay_in_full,false,
ACC-DDA-90023,CUS-90023,lanternfield_visa_debit_checking,REG_E,2017-04-04,open,,,28,,,2017-04-09
ACC-CR-90024,CUS-90024,lanternfield_visa_signature_credit,REG_Z,2016-11-11,open,1500,19.99,2,pay_in_full,true,
