card_id,account_id,customer_id,role,network,bin,pan_masked,last4,expiry,status,issued_at,closed_at,replaced_card_id
CRD-000001,ACC-CR-00001,CUS-00001,primary,VISA,400012,400012******6995,6995,06/30,active,2016-01-11,,
CRD-000002,ACC-CR-00002,CUS-00002,primary,VISA,400012,400012******2721,2721,05/27,active,2025-06-22,,
CRD-000003,ACC-CR-00003,CUS-00003,primary,VISA,400012,400012******3660,3660,04/27,active,2022-04-23,,
CRD-000004,ACC-CR-00004,CUS-00004,primary,VISA,400012,400012******7386,7386,09/28,active,2018-08-16,,
CRD-000005,ACC-CR-00005,CUS-00005,primary,VISA,400012,400012******9264,9264,02/29,active,2009-11-01,,
CRD-000006,ACC-CR-00006,CUS-00006,primary,VISA,400012,400012******0058,0058,05/27,active,2020-05-14,,
CRD-000007,ACC-CR-00007,CUS-00007,primary,VISA,400012,400012******8720,8720,12/30,active,2011-05-02,,
CRD-000008,ACC-CR-00008,CUS-00008,primary,VISA,400012,400012******6932,6932,04/29,active,2019-11-19,,
CRD-000009,ACC-DDA-00001,CUS-00008,primary,VISA,400034,400034******8385,8385,05/27,active,2019-11-19,,
CRD-000010,ACC-CR-00008,CUS-00009,authorized_user,VISA,400012,400012******9021,9021,06/30,active,2021-03-23,,
CRD-000011,ACC-CR-00009,CUS-00010,primary,VISA,400012,400012******5119,5119,12/30,active,2024-08-24,,
CRD-000012,ACC-DDA-00002,CUS-00010,primary,VISA,400034,400034******8077,8077,05/30,active,2024-08-24,,
CRD-000013,ACC-CR-00009,CUS-00011,authorized_user,VISA,400012,400012******6889,6889,12/30,active,2025-06-19,,
CRD-000014,ACC-CR-00010,CUS-00012,primary,VISA,400012,400012******5543,5543,07/30,active,2017-08-18,,
CRD-000015,ACC-CR-00011,CUS-00013,primary,VISA,400012,400012******5682,5682,02/30,active,2011-07-11,,
CRD-000016,ACC-CR-00012,CUS-00014,primary,VISA,400012,400012******4056,4056,02/29,active,2020-03-24,,
CRD-000017,ACC-CR-00013,CUS-00015,primary,VISA,400012,400012******4634,4634,04/29,active,2018-12-18,,
CRD-000018,ACC-CR-00014,CUS-00016,primary,VISA,400012,400012******0917,0917,12/27,active,2015-07-28,,
CRD-000019,ACC-CR-00015,CUS-00017,primary,VISA,400012,400012******2336,2336,11/27,active,2010-11-15,,
CRD-000020,ACC-DDA-00003,CUS-00018,primary,VISA,400034,400034******1463,1463,09/27,active,2022-06-12,,
CRD-000021,ACC-CR-00016,CUS-00019,primary,VISA,400012,400012******3124,3124,04/29,active,2023-01-01,,
CRD-000022,ACC-DDA-00004,CUS-00020,primary,VISA,400034,400034******6184,6184,08/28,active,2021-11-22,,
CRD-000023,ACC-CR-00017,CUS-00021,primary,VISA,400012,400012******8217,8217,03/29,active,2023-07-06,,
CRD-000024,ACC-DDA-00005,CUS-00021,primary,VISA,400034,400034******5706,5706,05/27,active,2023-07-06,,
CRD-000025,ACC-CR-00017,CUS-00022,authorized_user,VISA,400012,400012******2832,2832,03/28,active,2025-08-01,,
CRD-000026,ACC-CR-00018,CUS-00023,primary,VISA,400012,400012******1445,1445,06/28,active,2023-06-28,,
CRD-000027,ACC-CR-00018,CUS-00024,authorized_user,VISA,400012,400012******9390,9390,01/27,active,2025-09-10,,
CRD-000028,ACC-CR-00019,CUS-00025,primary,VISA,400012,400012******2052,2052,09/28,active,2019-11-05,,
CRD-000029,ACC-CR-00020,CUS-00026,primary,VISA,400012,400012******1531,1531,04/30,active,2015-01-06,,
CRD-000030,ACC-CR-00021,CUS-00027,primary,VISA,400012,400012******7676,7676,01/27,active,2024-05-15,,
CRD-000031,ACC-CR-00022,CUS-00028,primary,VISA,400012,400012******7699,7699,08/29,active,2023-08-12,,
CRD-000032,ACC-CR-00023,CUS-00029,primary,VISA,400012,400012******9595,9595,12/29,active,2026-01-12,,
CRD-000033,ACC-CR-00024,CUS-00030,primary,VISA,400012,400012******1476,1476,12/30,active,2020-02-28,,
CRD-000034,ACC-CR-00025,CUS-00031,primary,VISA,400012,400012******2638,2638,11/27,active,2017-07-06,,
CRD-000035,ACC-CR-00026,CUS-00032,primary,VISA,400012,400012******6529,6529,10/27,active,2019-11-28,,
CRD-000036,ACC-CR-00027,CUS-00033,primary,VISA,400012,400012******9354,9354,12/30,active,2014-02-26,,
CRD-000037,ACC-CR-00028,CUS-00034,primary,VISA,400012,400012******3786,3786,09/30,active,2023-06-22,,
CRD-000038,ACC-CR-00029,CUS-00035,primary,VISA,400012,400012******7308,7308,07/29,active,2008-10-19,,
CRD-000039,ACC-CR-00030,CUS-00036,primary,VISA,400012,400012******1158,1158,11/30,active,2023-11-26,,
CRD-000040,ACC-CR-00031,CUS-00037,primary,VISA,400012,400012******2516,2516,12/27,active,2019-06-18,,
CRD-000041,ACC-DDA-00006,CUS-00037,primary,VISA,400034,400034******5842,5842,09/29,active,2019-06-18,,
CRD-000042,ACC-CR-00032,CUS-00038,primary,VISA,400012,400012******6612,6612,08/28,active,2013-10-14,,
CRD-000043,ACC-CR-00033,CUS-00039,primary,VISA,400012,400012******6348,6348,12/28,active,2016-03-13,,
CRD-000044,ACC-CR-00034,CUS-00040,primary,VISA,400012,400012******9703,9703,09/30,active,2010-06-04,,
CRD-000045,ACC-CR-00035,CUS-00041,primary,VISA,400012,400012******2941,2941,11/27,active,2024-03-16,,
CRD-000046,ACC-CR-00036,CUS-00042,primary,VISA,400012,400012******7485,7485,07/29,active,2017-06-03,,
CRD-000047,ACC-CR-00036,CUS-00043,authorized_user,VISA,400012,400012******8059,8059,05/29,active,2017-09-09,,
CRD-000048,ACC-CR-00037,CUS-00044,primary,VISA,400012,400012******8775,8775,09/27,active,2011-09-11,,
CRD-000049,ACC-CR-00038,CUS-00045,primary,VISA,400012,400012******0667,0667,01/27,active,2024-03-10,,
CRD-000050,ACC-CR-00039,CUS-00046,primary,VISA,400012,400012******7329,7329,12/27,active,2014-05-02,,
CRD-000051,ACC-CR-00040,CUS-00047,primary,VISA,400012,400012******4269,4269,12/28,active,2026-04-18,,
CRD-000052,ACC-DDA-00007,CUS-00047,primary,VISA,400034,400034******4080,4080,09/29,active,2026-04-18,,
CRD-000053,ACC-CR-00041,CUS-00048,primary,VISA,400012,400012******4908,4908,01/30,active,2024-09-17,,
CRD-000054,ACC-CR-00042,CUS-00049,primary,VISA,400012,400012******8062,8062,09/29,active,2010-06-03,,
CRD-000055,ACC-DDA-00008,CUS-00049,primary,VISA,400034,400034******2051,2051,05/29,active,2010-06-03,,
CRD-000056,ACC-CR-00043,CUS-00050,primary,VISA,400012,400012******8760,8760,09/28,active,2024-09-03,,
CRD-000057,ACC-CR-00044,CUS-00051,primary,VISA,400012,400012******5225,5225,11/28,active,2023-02-17,,
CRD-000058,ACC-CR-00044,CUS-00052,authorized_user,VISA,400012,400012******8021,8021,11/29,active,2025-07-18,,
CRD-000059,ACC-CR-00045,CUS-00053,primary,VISA,400012,400012******3502,3502,11/29,active,2011-04-26,,
CRD-000060,ACC-CR-00046,CUS-00054,primary,VISA,400012,400012******9505,9505,12/28,active,2013-08-01,,
CRD-000061,ACC-CR-00047,CUS-00055,primary,VISA,400012,400012******8053,8053,10/29,active,2023-11-13,,
CRD-000062,ACC-CR-00048,CUS-00056,primary,VISA,400012,400012******7219,7219,08/30,active,2020-09-17,,
CRD-000063,ACC-CR-00049,CUS-00057,primary,VISA,400012,400012******6910,6910,01/30,active,2020-12-02,,
CRD-000064,ACC-CR-00050,CUS-00058,primary,VISA,400012,400012******5311,5311,10/30,active,2025-12-24,,
CRD-000065,ACC-CR-00051,CUS-00059,primary,VISA,400012,400012******1885,1885,11/28,active,2021-09-15,,
CRD-000066,ACC-CR-00052,CUS-00060,primary,VISA,400012,400012******6745,6745,04/29,active,2012-08-22,,
CRD-000067,ACC-CR-00053,CUS-00061,primary,VISA,400012,400012******1674,1674,03/29,active,2014-07-07,,
CRD-000068,ACC-CR-00054,CUS-00062,primary,VISA,400012,400012******5842,5842,06/27,active,2013-04-18,,
CRD-000069,ACC-CR-00055,CUS-00063,primary,VISA,400012,400012******3556,3556,05/27,active,2023-06-18,,
CRD-000070,ACC-CR-00056,CUS-00064,primary,VISA,400012,400012******3639,3639,09/30,active,2023-02-04,,
CRD-000071,ACC-CR-00057,CUS-00065,primary,VISA,400012,400012******8517,8517,07/30,active,2011-02-26,,
CRD-000072,ACC-CR-00058,CUS-00066,primary,VISA,400012,400012******2441,2441,12/30,active,2021-12-22,,
CRD-000073,ACC-CR-00059,CUS-00067,primary,VISA,400012,400012******5959,5959,01/29,active,2021-10-19,,
CRD-000074,ACC-DDA-00009,CUS-00067,primary,VISA,400034,400034******0157,0157,07/27,active,2021-10-19,,
CRD-000075,ACC-CR-00059,CUS-00068,authorized_user,VISA,400012,400012******5013,5013,06/28,active,2023-07-04,,
CRD-000076,ACC-CR-00060,CUS-00069,primary,VISA,400012,400012******3319,3319,02/28,active,2016-01-25,,
CRD-000077,ACC-CR-00061,CUS-00070,primary,VISA,400012,400012******1726,1726,10/28,active,2025-07-04,,
CRD-000078,ACC-CR-00062,CUS-00071,primary,VISA,400012,400012******7936,7936,08/27,active,2018-11-13,,
CRD-000079,ACC-CR-00063,CUS-00072,primary,VISA,400012,400012******3864,3864,01/27,active,2018-08-19,,
CRD-000080,ACC-CR-00064,CUS-00073,primary,VISA,400012,400012******6349,6349,09/27,active,2025-07-11,,
CRD-000081,ACC-DDA-00010,CUS-00074,primary,VISA,400034,400034******0806,0806,10/28,active,2017-11-01,,
CRD-000082,ACC-CR-00065,CUS-00075,primary,VISA,400012,400012******6814,6814,09/29,active,2025-07-16,,
CRD-000083,ACC-CR-00065,CUS-00076,authorized_user,VISA,400012,400012******8775,8775,06/30,active,2025-07-16,,
CRD-000084,ACC-CR-00066,CUS-00077,primary,VISA,400012,400012******4457,4457,02/28,active,2019-04-22,,
CRD-000085,ACC-DDA-00011,CUS-00077,primary,VISA,400034,400034******9109,9109,02/28,active,2019-04-22,,
CRD-000086,ACC-CR-00067,CUS-00078,primary,VISA,400012,400012******2072,2072,02/27,active,2026-06-23,,
CRD-000087,ACC-CR-00068,CUS-00079,primary,VISA,400012,400012******9452,9452,06/30,active,2026-03-22,,
CRD-000088,ACC-DDA-00012,CUS-00079,primary,VISA,400034,400034******6423,6423,09/27,active,2026-03-22,,
CRD-000089,ACC-CR-00069,CUS-00080,primary,VISA,400012,400012******7478,7478,08/30,active,2013-03-22,,
CRD-000090,ACC-CR-00070,CUS-00081,primary,VISA,400012,400012******4386,4386,08/30,active,2019-07-04,,
CRD-000091,ACC-CR-00070,CUS-00082,authorized_user,VISA,400012,400012******9322,9322,01/29,active,2021-09-08,,
CRD-000092,ACC-CR-00071,CUS-00083,primary,VISA,400012,400012******8713,8713,12/30,active,2024-01-15,,
CRD-000093,ACC-DDA-00013,CUS-00083,primary,VISA,400034,400034******1409,1409,12/29,active,2024-01-15,,
CRD-000094,ACC-CR-00072,CUS-00084,primary,VISA,400012,400012******7774,7774,03/27,active,2020-02-24,,
CRD-000095,ACC-CR-00073,CUS-00085,primary,VISA,400012,400012******9357,9357,05/27,active,2016-06-18,,
CRD-000096,ACC-CR-00074,CUS-00086,primary,VISA,400012,400012******5685,5685,06/27,active,2021-01-18,,
CRD-000097,ACC-CR-00075,CUS-00087,primary,VISA,400012,400012******7611,7611,05/27,active,2025-12-22,,
CRD-000098,ACC-CR-00076,CUS-00088,primary,VISA,400012,400012******5254,5254,01/27,active,2011-12-05,,
CRD-000099,ACC-CR-00077,CUS-00089,primary,VISA,400012,400012******5633,5633,03/29,active,2024-02-08,,
CRD-000100,ACC-DDA-00014,CUS-00089,primary,VISA,400034,400034******1948,1948,08/29,active,2024-02-08,,
CRD-000101,ACC-CR-00078,CUS-00090,primary,VISA,400012,400012******6709,6709,08/28,active,2015-07-17,,
CRD-000102,ACC-CR-00079,CUS-00091,primary,VISA,400012,400012******4218,4218,11/29,active,2024-06-08,,
CRD-000103,ACC-CR-00080,CUS-00092,primary,VISA,400012,400012******8797,8797,07/27,active,2014-02-14,,
CRD-000104,ACC-CR-00081,CUS-00093,primary,VISA,400012,400012******6180,6180,04/28,active,2024-02-23,,
CRD-000105,ACC-DDA-00015,CUS-00093,primary,VISA,400034,400034******4506,4506,11/30,active,2024-02-23,,
CRD-000106,ACC-CR-00082,CUS-00094,primary,VISA,400012,400012******4249,4249,10/28,active,2008-04-16,,
CRD-000107,ACC-CR-00083,CUS-00095,primary,VISA,400012,400012******6933,6933,05/30,active,2016-07-19,,
CRD-000108,ACC-CR-00084,CUS-00096,primary,VISA,400012,400012******2954,2954,07/29,active,2013-04-08,,
CRD-000109,ACC-CR-00085,CUS-00097,primary,VISA,400012,400012******0150,0150,05/27,active,2024-07-11,,
CRD-000110,ACC-CR-00086,CUS-00098,primary,VISA,400012,400012******7061,7061,12/30,active,2018-11-04,,
CRD-000111,ACC-CR-00087,CUS-00099,primary,VISA,400012,400012******5698,5698,08/30,active,2012-09-12,,
CRD-000112,ACC-CR-00088,CUS-00100,primary,VISA,400012,400012******1327,1327,06/27,active,2017-09-07,,
CRD-000113,ACC-DDA-00016,CUS-00100,primary,VISA,400034,400034******4140,4140,08/27,active,2017-09-07,,
CRD-000114,ACC-CR-00089,CUS-00101,primary,VISA,400012,400012******9951,9951,02/30,active,2011-09-07,,
CRD-000115,ACC-CR-00090,CUS-00102,primary,VISA,400012,400012******4077,4077,02/28,active,2022-11-22,,
CRD-000116,ACC-CR-00091,CUS-00103,primary,VISA,400012,400012******6806,6806,04/30,active,2023-02-07,,
CRD-000117,ACC-CR-00092,CUS-00104,primary,VISA,400012,400012******9123,9123,04/27,active,2017-02-23,,
CRD-000118,ACC-CR-00093,CUS-00105,primary,VISA,400012,400012******8959,8959,10/28,active,2009-11-19,,
CRD-000119,ACC-CR-00094,CUS-00106,primary,VISA,400012,400012******4157,4157,10/30,active,2026-06-07,,
CRD-000120,ACC-CR-00095,CUS-00107,primary,VISA,400012,400012******3456,3456,03/28,active,2021-02-17,,
CRD-000121,ACC-DDA-00017,CUS-00107,primary,VISA,400034,400034******4023,4023,01/28,active,2021-02-17,,
CRD-000122,ACC-CR-00095,CUS-00108,authorized_user,VISA,400012,400012******2524,2524,01/30,active,2023-05-07,,
CRD-000123,ACC-CR-00096,CUS-00109,primary,VISA,400012,400012******0110,0110,05/28,active,2025-09-14,,
CRD-000124,ACC-CR-00097,CUS-00110,primary,VISA,400012,400012******8200,8200,10/30,active,2022-01-28,,
CRD-000125,ACC-DDA-00018,CUS-00110,primary,VISA,400034,400034******5280,5280,08/27,active,2022-01-28,,
CRD-000126,ACC-CR-00098,CUS-00111,primary,VISA,400012,400012******1462,1462,05/29,active,2018-01-11,,
CRD-000127,ACC-CR-00099,CUS-00112,primary,VISA,400012,400012******4761,4761,06/28,active,2013-08-18,,
CRD-000128,ACC-CR-00100,CUS-00113,primary,VISA,400012,400012******3629,3629,05/28,active,2023-02-03,,
CRD-000129,ACC-DDA-00019,CUS-00113,primary,VISA,400034,400034******2150,2150,06/30,active,2023-02-03,,
CRD-000130,ACC-CR-00101,CUS-00114,primary,VISA,400012,400012******8170,8170,07/29,active,2022-11-12,,
CRD-000131,ACC-CR-00102,CUS-00115,primary,VISA,400012,400012******3480,3480,11/28,active,2015-11-23,,
CRD-000132,ACC-CR-00103,CUS-00116,primary,VISA,400012,400012******6789,6789,02/29,active,2026-06-26,,
CRD-000133,ACC-CR-00104,CUS-00117,primary,VISA,400012,400012******5019,5019,08/28,active,2020-08-27,,
CRD-000134,ACC-CR-00105,CUS-00118,primary,VISA,400012,400012******1075,1075,08/29,active,2024-03-07,,
CRD-000135,ACC-CR-00106,CUS-00119,primary,VISA,400012,400012******4653,4653,08/29,active,2025-04-19,,
CRD-000136,ACC-DDA-00020,CUS-00119,primary,VISA,400034,400034******5205,5205,10/28,active,2025-04-19,,
CRD-000137,ACC-CR-00107,CUS-00120,primary,VISA,400012,400012******6128,6128,12/29,active,2009-05-08,,
CRD-000138,ACC-CR-00108,CUS-00121,primary,VISA,400012,400012******1916,1916,06/28,active,2010-03-02,,
CRD-000139,ACC-CR-00109,CUS-00122,primary,VISA,400012,400012******6100,6100,07/30,active,2009-11-16,,
CRD-000140,ACC-CR-00110,CUS-00123,primary,VISA,400012,400012******0978,0978,03/30,active,2010-02-26,,
CRD-000141,ACC-DDA-00021,CUS-00123,primary,VISA,400034,400034******0798,0798,01/27,active,2010-02-26,,
CRD-000142,ACC-CR-00111,CUS-00124,primary,VISA,400012,400012******4330,4330,11/28,active,2016-05-25,,
CRD-000143,ACC-CR-00112,CUS-00125,primary,VISA,400012,400012******2878,2878,06/27,active,2008-08-10,,
CRD-000144,ACC-CR-00112,CUS-00126,authorized_user,VISA,400012,400012******4616,4616,09/29,active,2010-06-01,,
CRD-000145,ACC-CR-00113,CUS-00127,primary,VISA,400012,400012******9354,9354,11/27,active,2023-10-16,,
CRD-000146,ACC-CR-00114,CUS-00128,primary,VISA,400012,400012******1014,1014,11/30,active,2019-11-11,,
CRD-000147,ACC-DDA-00022,CUS-00129,primary,VISA,400034,400034******7907,7907,04/27,active,2020-11-21,,
CRD-000148,ACC-CR-00115,CUS-00130,primary,VISA,400012,400012******1358,1358,04/30,active,2014-07-23,,
CRD-000149,ACC-DDA-00023,CUS-00130,primary,VISA,400034,400034******0895,0895,08/30,active,2014-07-23,,
CRD-000150,ACC-CR-00116,CUS-00131,primary,VISA,400012,400012******9959,9959,01/29,active,2018-05-08,,
CRD-000151,ACC-CR-00117,CUS-00132,primary,VISA,400012,400012******1096,1096,09/30,active,2019-01-12,,
CRD-000152,ACC-DDA-00024,CUS-00133,primary,VISA,400034,400034******1540,1540,02/28,active,2012-04-07,,
CRD-000153,ACC-DDA-00025,CUS-00134,primary,VISA,400034,400034******6128,6128,01/27,active,2025-04-24,,
CRD-000154,ACC-CR-00118,CUS-00135,primary,VISA,400012,400012******1920,1920,08/30,active,2019-08-16,,
CRD-000155,ACC-CR-00119,CUS-00136,primary,VISA,400012,400012******0338,0338,11/27,active,2009-04-27,,
CRD-000156,ACC-CR-00119,CUS-00137,authorized_user,VISA,400012,400012******1887,1887,10/29,active,2011-06-23,,
CRD-000157,ACC-CR-00120,CUS-00138,primary,VISA,400012,400012******8034,8034,09/27,active,2022-10-08,,
CRD-000158,ACC-CR-00121,CUS-00139,primary,VISA,400012,400012******6853,6853,07/30,active,2016-07-15,,
CRD-000159,ACC-DDA-00026,CUS-00139,primary,VISA,400034,400034******1875,1875,09/28,active,2016-07-15,,
CRD-000160,ACC-DDA-00027,CUS-00140,primary,VISA,400034,400034******9145,9145,09/27,active,2016-09-04,,
CRD-000161,ACC-CR-00122,CUS-00141,primary,VISA,400012,400012******8561,8561,07/30,active,2021-05-03,,
CRD-000162,ACC-CR-00122,CUS-00142,authorized_user,VISA,400012,400012******4379,4379,04/28,active,2022-09-07,,
CRD-000163,ACC-CR-00123,CUS-00143,primary,VISA,400012,400012******2725,2725,08/28,active,2022-01-04,,
CRD-000164,ACC-CR-00124,CUS-00144,primary,VISA,400012,400012******0993,0993,05/30,active,2014-09-19,,
CRD-000165,ACC-CR-00125,CUS-00145,primary,VISA,400012,400012******1599,1599,09/29,active,2019-12-07,,
CRD-000166,ACC-CR-00126,CUS-00146,primary,VISA,400012,400012******4475,4475,10/27,active,2016-01-01,,
CRD-000167,ACC-CR-00127,CUS-00147,primary,VISA,400012,400012******0600,0600,11/28,active,2022-11-02,,
CRD-000168,ACC-CR-00128,CUS-00148,primary,VISA,400012,400012******3346,3346,05/28,active,2014-10-12,,
CRD-000169,ACC-CR-00128,CUS-00149,authorized_user,VISA,400012,400012******1556,1556,06/29,active,2016-10-31,,
CRD-000170,ACC-CR-00129,CUS-00150,primary,VISA,400012,400012******5434,5434,10/29,active,2022-03-07,,
CRD-000171,ACC-CR-00130,CUS-00151,primary,VISA,400012,400012******7225,7225,03/30,active,2018-02-18,,
CRD-000172,ACC-CR-00131,CUS-00152,primary,VISA,400012,400012******7377,7377,04/28,active,2024-07-01,,
CRD-000173,ACC-DDA-00028,CUS-00153,primary,VISA,400034,400034******9261,9261,05/30,active,2025-08-14,,
CRD-000174,ACC-CR-00132,CUS-00154,primary,VISA,400012,400012******5755,5755,04/30,active,2021-06-18,,
CRD-000175,ACC-CR-00133,CUS-00155,primary,VISA,400012,400012******6996,6996,01/28,active,2008-04-28,,
CRD-000176,ACC-CR-00134,CUS-00156,primary,VISA,400012,400012******8430,8430,07/27,active,2024-01-09,,
CRD-000177,ACC-DDA-00029,CUS-00156,primary,VISA,400034,400034******9269,9269,04/27,active,2024-01-09,,
CRD-000178,ACC-CR-00134,CUS-00157,authorized_user,VISA,400012,400012******6123,6123,07/27,active,2025-07-25,,
CRD-000179,ACC-CR-00135,CUS-00158,primary,VISA,400012,400012******5690,5690,05/30,active,2022-08-22,,
CRD-000180,ACC-CR-00136,CUS-00159,primary,VISA,400012,400012******6556,6556,11/27,active,2022-01-08,,
CRD-000181,ACC-CR-00137,CUS-00160,primary,VISA,400012,400012******5793,5793,09/27,active,2017-03-09,,
CRD-000182,ACC-DDA-00030,CUS-00161,primary,VISA,400034,400034******3647,3647,10/30,active,2021-04-15,,
CRD-000183,ACC-CR-00138,CUS-00162,primary,VISA,400012,400012******5274,5274,06/27,active,2012-09-11,,
CRD-000184,ACC-CR-00139,CUS-00163,primary,VISA,400012,400012******4894,4894,07/27,active,2025-01-07,,
CRD-000185,ACC-CR-00140,CUS-00164,primary,VISA,400012,400012******3870,3870,10/28,active,2024-02-12,,
CRD-000186,ACC-CR-00141,CUS-00165,primary,VISA,400012,400012******1376,1376,07/28,active,2011-03-03,,
CRD-000187,ACC-CR-00142,CUS-00166,primary,VISA,400012,400012******1401,1401,11/27,active,2015-12-24,,
CRD-000188,ACC-CR-00143,CUS-00167,primary,VISA,400012,400012******3904,3904,10/27,active,2015-01-08,,
CRD-000189,ACC-CR-00144,CUS-00168,primary,VISA,400012,400012******4799,4799,06/30,active,2021-06-07,,
CRD-000190,ACC-CR-00145,CUS-00169,primary,VISA,400012,400012******7412,7412,03/29,active,2019-02-14,,
CRD-000191,ACC-CR-00146,CUS-00170,primary,VISA,400012,400012******5012,5012,08/29,active,2010-10-18,,
CRD-000192,ACC-CR-00147,CUS-00171,primary,VISA,400012,400012******8684,8684,05/28,active,2021-04-16,,
CRD-000193,ACC-CR-00148,CUS-00172,primary,VISA,400012,400012******1660,1660,09/28,active,2022-12-21,,
CRD-000194,ACC-CR-00149,CUS-00173,primary,VISA,400012,400012******6699,6699,06/30,active,2025-03-13,,
CRD-000195,ACC-CR-00150,CUS-00174,primary,VISA,400012,400012******2350,2350,11/30,active,2015-03-05,,
CRD-000196,ACC-DDA-00031,CUS-00174,primary,VISA,400034,400034******8327,8327,10/27,active,2015-03-05,,
CRD-000197,ACC-CR-00151,CUS-00175,primary,VISA,400012,400012******3353,3353,12/29,active,2012-03-26,,
CRD-000198,ACC-CR-00152,CUS-00176,primary,VISA,400012,400012******0224,0224,10/29,active,2008-03-07,,
CRD-000199,ACC-CR-00153,CUS-00177,primary,VISA,400012,400012******0779,0779,09/28,active,2016-06-10,,
CRD-000200,ACC-CR-00153,CUS-00178,authorized_user,VISA,400012,400012******1128,1128,09/29,active,2016-07-17,,
CRD-000201,ACC-DDA-00032,CUS-00179,primary,VISA,400034,400034******7708,7708,12/30,active,2010-04-04,,
CRD-000202,ACC-CR-00154,CUS-00180,primary,VISA,400012,400012******7741,7741,10/29,active,2021-06-04,,
CRD-000203,ACC-DDA-00033,CUS-00180,primary,VISA,400034,400034******4328,4328,03/27,active,2021-06-04,,
CRD-000204,ACC-CR-00155,CUS-00181,primary,VISA,400012,400012******9222,9222,09/30,active,2020-11-19,,
CRD-000205,ACC-DDA-00034,CUS-00181,primary,VISA,400034,400034******6713,6713,12/27,active,2020-11-19,,
CRD-000206,ACC-CR-00156,CUS-00182,primary,VISA,400012,400012******4934,4934,12/30,active,2015-01-05,,
CRD-000207,ACC-CR-00157,CUS-00183,primary,VISA,400012,400012******0703,0703,10/29,active,2010-01-24,,
CRD-000208,ACC-CR-00158,CUS-00184,primary,VISA,400012,400012******0782,0782,09/27,active,2019-01-19,,
CRD-000209,ACC-CR-00159,CUS-00185,primary,VISA,400012,400012******2025,2025,05/30,active,2018-10-25,,
CRD-000210,ACC-CR-00160,CUS-00186,primary,VISA,400012,400012******5873,5873,06/28,active,2017-02-17,,
CRD-000211,ACC-DDA-00035,CUS-00186,primary,VISA,400034,400034******8968,8968,04/27,active,2017-02-17,,
CRD-000212,ACC-CR-00161,CUS-00187,primary,VISA,400012,400012******2256,2256,10/30,active,2009-11-23,,
CRD-000213,ACC-CR-00162,CUS-00188,primary,VISA,400012,400012******7329,7329,09/27,active,2016-11-03,,
CRD-000214,ACC-CR-00163,CUS-00189,primary,VISA,400012,400012******9326,9326,02/30,active,2011-05-06,,
CRD-000215,ACC-CR-00164,CUS-00190,primary,VISA,400012,400012******9237,9237,06/29,active,2018-09-23,,
CRD-000216,ACC-CR-00165,CUS-00191,primary,VISA,400012,400012******4528,4528,05/29,active,2023-04-18,,
CRD-000217,ACC-DDA-00036,CUS-00191,primary,VISA,400034,400034******6272,6272,03/29,active,2023-04-18,,
CRD-000218,ACC-CR-00166,CUS-00192,primary,VISA,400012,400012******8046,8046,07/29,active,2010-04-08,,
CRD-000219,ACC-CR-00167,CUS-00193,primary,VISA,400012,400012******5089,5089,03/27,active,2021-08-10,,
CRD-000220,ACC-CR-00167,CUS-00194,authorized_user,VISA,400012,400012******8375,8375,09/29,active,2022-10-11,,
CRD-000221,ACC-CR-00168,CUS-00195,primary,VISA,400012,400012******8307,8307,08/27,active,2017-07-13,,
CRD-000222,ACC-DDA-00037,CUS-00195,primary,VISA,400034,400034******8245,8245,02/28,active,2017-07-13,,
CRD-000223,ACC-CR-00169,CUS-00196,primary,VISA,400012,400012******8100,8100,09/29,active,2011-05-21,,
CRD-000224,ACC-CR-00169,CUS-00197,authorized_user,VISA,400012,400012******2110,2110,02/30,active,2011-08-17,,
CRD-000225,ACC-CR-00170,CUS-00198,primary,VISA,400012,400012******1158,1158,08/29,active,2008-10-01,,
CRD-000226,ACC-CR-00171,CUS-00199,primary,VISA,400012,400012******7823,7823,06/30,active,2009-05-02,,
CRD-000227,ACC-DDA-00038,CUS-00199,primary,VISA,400034,400034******0563,0563,11/30,active,2009-05-02,,
CRD-000228,ACC-CR-00171,CUS-00200,authorized_user,VISA,400012,400012******8444,8444,10/29,active,2011-05-29,,
CRD-000229,ACC-CR-00172,CUS-00201,primary,VISA,400012,400012******3922,3922,06/29,active,2016-04-17,,
CRD-000230,ACC-CR-00173,CUS-00202,primary,VISA,400012,400012******4328,4328,03/30,active,2022-10-15,,
CRD-000231,ACC-CR-00174,CUS-00203,primary,VISA,400012,400012******6534,6534,09/29,active,2023-03-21,,
CRD-000232,ACC-DDA-00039,CUS-00203,primary,VISA,400034,400034******7175,7175,10/29,active,2023-03-21,,
CRD-000233,ACC-CR-00175,CUS-00204,primary,VISA,400012,400012******2241,2241,02/30,active,2010-07-07,,
CRD-000234,ACC-CR-00176,CUS-00205,primary,VISA,400012,400012******5994,5994,02/27,active,2012-08-04,,
CRD-000235,ACC-CR-00177,CUS-00206,primary,VISA,400012,400012******0863,0863,06/27,active,2023-06-26,,
CRD-000236,ACC-DDA-00040,CUS-00207,primary,VISA,400034,400034******2276,2276,08/30,active,2021-01-26,,
CRD-000237,ACC-DDA-00041,CUS-00208,primary,VISA,400034,400034******8571,8571,08/29,active,2021-06-13,,
CRD-000238,ACC-CR-00178,CUS-00209,primary,VISA,400012,400012******6945,6945,12/29,active,2021-05-06,,
CRD-000239,ACC-CR-00179,CUS-00210,primary,VISA,400012,400012******7101,7101,08/29,active,2010-07-20,,
CRD-000240,ACC-CR-00180,CUS-00211,primary,VISA,400012,400012******3439,3439,05/28,active,2013-12-02,,
CRD-000241,ACC-DDA-00042,CUS-00211,primary,VISA,400034,400034******5435,5435,01/27,active,2013-12-02,,
CRD-000242,ACC-CR-00181,CUS-00212,primary,VISA,400012,400012******4826,4826,12/28,active,2026-06-28,,
CRD-000243,ACC-CR-00182,CUS-00213,primary,VISA,400012,400012******7593,7593,05/30,active,2012-09-03,,
CRD-000244,ACC-CR-00183,CUS-00214,primary,VISA,400012,400012******7549,7549,12/29,active,2010-12-09,,
CRD-000245,ACC-CR-00184,CUS-00215,primary,VISA,400012,400012******1937,1937,12/29,active,2017-07-26,,
CRD-000246,ACC-CR-00185,CUS-00216,primary,VISA,400012,400012******9725,9725,11/28,active,2021-02-21,,
CRD-000247,ACC-DDA-00043,CUS-00216,primary,VISA,400034,400034******9720,9720,10/28,active,2021-02-21,,
CRD-000248,ACC-DDA-00044,CUS-00217,primary,VISA,400034,400034******3339,3339,06/29,active,2010-10-20,,
CRD-000249,ACC-CR-00186,CUS-00218,primary,VISA,400012,400012******6408,6408,09/29,active,2024-06-14,,
CRD-000250,ACC-DDA-00045,CUS-00218,primary,VISA,400034,400034******6263,6263,02/30,active,2024-06-14,,
CRD-000251,ACC-CR-00187,CUS-00219,primary,VISA,400012,400012******3574,3574,09/30,active,2013-08-01,,
CRD-000252,ACC-CR-00188,CUS-00220,primary,VISA,400012,400012******5844,5844,08/27,active,2022-02-23,,
CRD-000253,ACC-CR-00189,CUS-00221,primary,VISA,400012,400012******4956,4956,02/28,active,2025-02-05,,
CRD-000254,ACC-DDA-00046,CUS-00221,primary,VISA,400034,400034******1531,1531,04/29,active,2025-02-05,,
CRD-000255,ACC-CR-00190,CUS-00222,primary,VISA,400012,400012******1699,1699,08/29,active,2026-06-16,,
CRD-000256,ACC-DDA-00047,CUS-00223,primary,VISA,400034,400034******5813,5813,07/30,active,2011-10-20,,
CRD-000257,ACC-CR-00191,CUS-00224,primary,VISA,400012,400012******2826,2826,06/30,active,2026-06-21,,
CRD-000258,ACC-CR-00192,CUS-00225,primary,VISA,400012,400012******4767,4767,02/29,active,2013-05-07,,
CRD-000259,ACC-CR-00193,CUS-00226,primary,VISA,400012,400012******6246,6246,08/29,active,2025-07-28,,
CRD-000260,ACC-CR-00194,CUS-00227,primary,VISA,400012,400012******9156,9156,01/27,active,2018-05-09,,
CRD-000261,ACC-CR-00195,CUS-00228,primary,VISA,400012,400012******1200,1200,11/30,active,2022-11-05,,
CRD-000262,ACC-CR-00196,CUS-00229,primary,VISA,400012,400012******2406,2406,04/27,active,2021-11-12,,
CRD-000263,ACC-CR-00197,CUS-00230,primary,VISA,400012,400012******8401,8401,06/29,active,2019-02-09,,
CRD-000264,ACC-CR-00198,CUS-00231,primary,VISA,400012,400012******7744,7744,09/27,active,2025-09-14,,
CRD-000265,ACC-CR-00199,CUS-00232,primary,VISA,400012,400012******3454,3454,11/29,active,2016-12-21,,
CRD-000266,ACC-DDA-00048,CUS-00232,primary,VISA,400034,400034******7554,7554,08/29,active,2016-12-21,,
CRD-000267,ACC-CR-00200,CUS-00233,primary,VISA,400012,400012******2619,2619,02/30,active,2022-08-05,,
CRD-000268,ACC-DDA-00049,CUS-00233,primary,VISA,400034,400034******3166,3166,02/27,active,2022-08-05,,
CRD-000269,ACC-CR-00201,CUS-00234,primary,VISA,400012,400012******8496,8496,01/29,active,2026-06-23,,
CRD-000270,ACC-CR-00202,CUS-00235,primary,VISA,400012,400012******3964,3964,09/27,active,2017-09-27,,
CRD-000271,ACC-CR-00203,CUS-00236,primary,VISA,400012,400012******4774,4774,10/30,active,2022-08-01,,
CRD-000272,ACC-CR-00204,CUS-00237,primary,VISA,400012,400012******8530,8530,05/30,active,2025-04-22,,
CRD-000273,ACC-CR-00205,CUS-00238,primary,VISA,400012,400012******0256,0256,05/29,active,2020-07-19,,
CRD-000274,ACC-DDA-00050,CUS-00239,primary,VISA,400034,400034******5066,5066,11/29,active,2008-05-17,,
CRD-000275,ACC-DDA-00051,CUS-00240,primary,VISA,400034,400034******0460,0460,10/27,active,2014-09-09,,
CRD-000276,ACC-DDA-00052,CUS-00241,primary,VISA,400034,400034******2760,2760,06/30,active,2023-09-28,,
CRD-000277,ACC-DDA-00053,CUS-00242,primary,VISA,400034,400034******4400,4400,11/28,active,2014-03-27,,
CRD-000278,ACC-CR-00206,CUS-00243,primary,VISA,400012,400012******7348,7348,04/30,active,2017-06-12,,
CRD-000279,ACC-CR-00207,CUS-00244,primary,VISA,400012,400012******3642,3642,11/29,active,2021-12-22,,
CRD-000280,ACC-CR-00208,CUS-00245,primary,VISA,400012,400012******5678,5678,10/28,active,2018-03-28,,
CRD-000281,ACC-CR-00209,CUS-00246,primary,VISA,400012,400012******3890,3890,08/29,active,2013-11-02,,
CRD-000282,ACC-DDA-00054,CUS-00246,primary,VISA,400034,400034******2819,2819,02/30,active,2013-11-02,,
CRD-000283,ACC-CR-00210,CUS-00247,primary,VISA,400012,400012******6876,6876,03/27,active,2017-10-08,,
CRD-000284,ACC-CR-00211,CUS-00248,primary,VISA,400012,400012******8263,8263,02/30,active,2018-02-14,,
CRD-000285,ACC-CR-00211,CUS-00249,authorized_user,VISA,400012,400012******6740,6740,05/30,active,2018-05-31,,
CRD-000286,ACC-CR-00212,CUS-00250,primary,VISA,400012,400012******4387,4387,08/29,active,2022-10-08,,
CRD-000287,ACC-CR-00213,CUS-00251,primary,VISA,400012,400012******3355,3355,12/28,active,2026-06-01,,
CRD-000288,ACC-CR-00214,CUS-00252,primary,VISA,400012,400012******7352,7352,09/29,active,2023-02-13,,
CRD-000289,ACC-CR-00215,CUS-00253,primary,VISA,400012,400012******1598,1598,05/30,active,2017-12-02,,
CRD-000290,ACC-CR-00216,CUS-00254,primary,VISA,400012,400012******9700,9700,06/28,active,2025-06-07,,
CRD-000291,ACC-CR-00217,CUS-00255,primary,VISA,400012,400012******3154,3154,08/30,active,2016-05-15,,
CRD-000292,ACC-CR-00218,CUS-00256,primary,VISA,400012,400012******5078,5078,05/29,active,2011-10-02,,
CRD-000293,ACC-CR-00219,CUS-00257,primary,VISA,400012,400012******9106,9106,01/27,active,2020-12-11,,
CRD-000294,ACC-CR-00220,CUS-00258,primary,VISA,400012,400012******9996,9996,02/30,active,2012-04-13,,
CRD-000295,ACC-CR-00221,CUS-00259,primary,VISA,400012,400012******8980,8980,11/29,active,2022-04-09,,
CRD-000296,ACC-CR-00222,CUS-00260,primary,VISA,400012,400012******9516,9516,01/27,active,2026-06-08,,
CRD-000297,ACC-CR-00223,CUS-00261,primary,VISA,400012,400012******5644,5644,07/30,active,2026-06-16,,
CRD-000298,ACC-CR-00224,CUS-00262,primary,VISA,400012,400012******9652,9652,03/27,active,2017-07-20,,
CRD-000299,ACC-CR-00225,CUS-00263,primary,VISA,400012,400012******6286,6286,10/29,active,2012-08-17,,
CRD-000300,ACC-CR-00226,CUS-00264,primary,VISA,400012,400012******0817,0817,03/28,active,2018-02-14,,
CRD-000301,ACC-CR-00226,CUS-00265,authorized_user,VISA,400012,400012******1896,1896,02/29,active,2020-05-28,,
CRD-000302,ACC-CR-00227,CUS-00266,primary,VISA,400012,400012******3423,3423,10/28,active,2022-06-10,,
CRD-000303,ACC-CR-00228,CUS-00267,primary,VISA,400012,400012******7662,7662,09/30,active,2019-01-18,,
CRD-000304,ACC-CR-00229,CUS-00268,primary,VISA,400012,400012******6215,6215,02/29,active,2023-03-17,,
CRD-000305,ACC-CR-00230,CUS-00269,primary,VISA,400012,400012******6002,6002,03/30,active,2008-05-03,,
CRD-000306,ACC-CR-00231,CUS-00270,primary,VISA,400012,400012******1206,1206,07/29,active,2009-01-21,,
CRD-000307,ACC-CR-00232,CUS-00271,primary,VISA,400012,400012******7651,7651,04/29,active,2020-01-24,,
CRD-000308,ACC-CR-00232,CUS-00272,authorized_user,VISA,400012,400012******7088,7088,07/27,active,2020-10-03,,
CRD-000309,ACC-CR-00233,CUS-00273,primary,VISA,400012,400012******1565,1565,09/29,active,2012-01-13,,
CRD-000310,ACC-CR-00234,CUS-00274,primary,VISA,400012,400012******6436,6436,07/30,active,2014-06-12,,
CRD-000311,ACC-CR-00235,CUS-00275,primary,VISA,400012,400012******9041,9041,10/30,active,2026-06-09,,
CRD-000312,ACC-DDA-00055,CUS-00275,primary,VISA,400034,400034******6876,6876,06/27,active,2026-06-09,,
CRD-000313,ACC-DDA-00056,CUS-00276,primary,VISA,400034,400034******9028,9028,07/28,active,2025-05-20,,
CRD-000314,ACC-CR-00236,CUS-00277,primary,VISA,400012,400012******4091,4091,09/28,active,2013-07-04,,
CRD-000315,ACC-CR-00237,CUS-00278,primary,VISA,400012,400012******9851,9851,07/29,active,2011-01-14,,
CRD-000316,ACC-DDA-00057,CUS-00278,primary,VISA,400034,400034******1169,1169,09/28,active,2011-01-14,,
CRD-000317,ACC-CR-00238,CUS-00279,primary,VISA,400012,400012******4568,4568,11/27,active,2021-10-07,,
CRD-000318,ACC-CR-00239,CUS-00280,primary,VISA,400012,400012******9180,9180,08/27,active,2026-06-23,,
CRD-000319,ACC-CR-00240,CUS-00281,primary,VISA,400012,400012******7742,7742,11/30,active,2021-10-06,,
CRD-000320,ACC-DDA-00058,CUS-00281,primary,VISA,400034,400034******9373,9373,04/27,active,2021-10-06,,
CRD-000321,ACC-CR-00241,CUS-00282,primary,VISA,400012,400012******7251,7251,08/30,active,2015-03-07,,
CRD-000322,ACC-CR-00242,CUS-00283,primary,VISA,400012,400012******4693,4693,10/28,active,2025-04-07,,
CRD-000323,ACC-CR-00243,CUS-00284,primary,VISA,400012,400012******0879,0879,03/28,active,2013-04-01,,
CRD-000324,ACC-CR-00244,CUS-00285,primary,VISA,400012,400012******4643,4643,07/27,active,2018-04-18,,
CRD-000325,ACC-DDA-00059,CUS-00285,primary,VISA,400034,400034******0387,0387,04/30,active,2018-04-18,,
CRD-000326,ACC-CR-00245,CUS-00286,primary,VISA,400012,400012******2517,2517,09/28,active,2021-07-23,,
CRD-000327,ACC-CR-00246,CUS-00287,primary,VISA,400012,400012******7741,7741,05/29,active,2019-07-02,,
CRD-000328,ACC-CR-00247,CUS-00288,primary,VISA,400012,400012******7341,7341,09/30,active,2025-02-03,,
CRD-000329,ACC-CR-00247,CUS-00289,authorized_user,VISA,400012,400012******6040,6040,10/30,active,2025-02-03,,
CRD-000330,ACC-CR-00248,CUS-00290,primary,VISA,400012,400012******9860,9860,09/27,active,2016-01-08,,
CRD-000331,ACC-CR-00249,CUS-00291,primary,VISA,400012,400012******3921,3921,07/28,active,2013-05-11,,
CRD-000332,ACC-DDA-00060,CUS-00291,primary,VISA,400034,400034******6859,6859,08/28,active,2013-05-11,,
CRD-000333,ACC-CR-00250,CUS-00292,primary,VISA,400012,400012******7772,7772,07/30,active,2017-10-22,,
CRD-000334,ACC-CR-00251,CUS-00293,primary,VISA,400012,400012******4604,4604,06/30,active,2012-01-21,,
CRD-000335,ACC-CR-00252,CUS-00294,primary,VISA,400012,400012******5146,5146,01/27,active,2018-08-26,,
CRD-000336,ACC-CR-00253,CUS-00295,primary,VISA,400012,400012******0188,0188,11/29,active,2011-02-01,,
CRD-000337,ACC-CR-00254,CUS-00296,primary,VISA,400012,400012******5176,5176,02/30,active,2025-08-05,,
CRD-000338,ACC-CR-00254,CUS-00297,authorized_user,VISA,400012,400012******9369,9369,10/29,active,2025-08-05,,
CRD-000339,ACC-CR-00255,CUS-00298,primary,VISA,400012,400012******8716,8716,12/28,active,2024-04-20,,
CRD-000340,ACC-CR-00256,CUS-00299,primary,VISA,400012,400012******5722,5722,10/29,active,2019-12-07,,
CRD-000341,ACC-DDA-00061,CUS-00299,primary,VISA,400034,400034******0943,0943,06/27,active,2019-12-07,,
CRD-000342,ACC-CR-00257,CUS-00300,primary,VISA,400012,400012******5790,5790,02/30,active,2009-05-23,,
CRD-000343,ACC-DDA-00062,CUS-00300,primary,VISA,400034,400034******3800,3800,12/30,active,2009-05-23,,
CRD-000344,ACC-CR-00258,CUS-00301,primary,VISA,400012,400012******6359,6359,04/27,active,2013-01-03,,
CRD-000345,ACC-CR-00259,CUS-00302,primary,VISA,400012,400012******8324,8324,11/30,active,2015-04-01,,
CRD-000346,ACC-CR-00260,CUS-00303,primary,VISA,400012,400012******5353,5353,06/28,active,2015-06-23,,
CRD-000347,ACC-DDA-00063,CUS-00303,primary,VISA,400034,400034******8202,8202,02/29,active,2015-06-23,,
CRD-000348,ACC-CR-00261,CUS-00304,primary,VISA,400012,400012******8913,8913,09/29,active,2024-06-17,,
CRD-000349,ACC-CR-00261,CUS-00305,authorized_user,VISA,400012,400012******8530,8530,05/28,active,2026-02-27,,
CRD-000350,ACC-CR-00262,CUS-00306,primary,VISA,400012,400012******2472,2472,07/30,active,2013-04-25,,
CRD-000351,ACC-DDA-00064,CUS-00306,primary,VISA,400034,400034******9845,9845,03/29,active,2013-04-25,,
CRD-000352,ACC-CR-00263,CUS-00307,primary,VISA,400012,400012******3320,3320,03/27,active,2008-08-17,,
CRD-000353,ACC-CR-00264,CUS-00308,primary,VISA,400012,400012******7370,7370,03/27,active,2010-11-18,,
CRD-000354,ACC-CR-00265,CUS-00309,primary,VISA,400012,400012******2872,2872,01/29,active,2009-08-25,,
CRD-000355,ACC-DDA-00065,CUS-00309,primary,VISA,400034,400034******5900,5900,10/30,active,2009-08-25,,
CRD-000356,ACC-CR-00266,CUS-00310,primary,VISA,400012,400012******0442,0442,09/27,active,2013-08-23,,
CRD-000357,ACC-CR-00267,CUS-00311,primary,VISA,400012,400012******3862,3862,10/30,active,2024-01-11,,
CRD-000358,ACC-CR-00268,CUS-00312,primary,VISA,400012,400012******2161,2161,07/29,active,2024-02-21,,
CRD-000359,ACC-DDA-00066,CUS-00313,primary,VISA,400034,400034******4594,4594,07/28,active,2010-03-22,,
CRD-000360,ACC-CR-00269,CUS-00314,primary,VISA,400012,400012******9624,9624,12/29,active,2008-02-12,,
CRD-000361,ACC-CR-00270,CUS-00315,primary,VISA,400012,400012******4764,4764,04/27,active,2024-05-25,,
CRD-000362,ACC-DDA-00067,CUS-00316,primary,VISA,400034,400034******1444,1444,07/29,active,2024-12-11,,
CRD-000363,ACC-CR-00271,CUS-00317,primary,VISA,400012,400012******5652,5652,06/27,active,2018-10-16,,
CRD-000364,ACC-DDA-00068,CUS-00317,primary,VISA,400034,400034******7628,7628,09/29,active,2018-10-16,,
CRD-000365,ACC-DDA-00069,CUS-00318,primary,VISA,400034,400034******8908,8908,12/28,active,2021-07-01,,
CRD-000366,ACC-DDA-00070,CUS-00319,primary,VISA,400034,400034******6390,6390,07/27,active,2022-12-06,,
CRD-000367,ACC-CR-00272,CUS-00320,primary,VISA,400012,400012******9115,9115,11/29,active,2018-04-23,,
CRD-000368,ACC-CR-00273,CUS-00321,primary,VISA,400012,400012******8264,8264,12/27,active,2024-10-22,,
CRD-000369,ACC-DDA-00071,CUS-00322,primary,VISA,400034,400034******6634,6634,03/27,active,2015-05-26,,
CRD-000370,ACC-CR-00274,CUS-00323,primary,VISA,400012,400012******2626,2626,07/30,active,2023-08-24,,
CRD-000371,ACC-DDA-00072,CUS-00323,primary,VISA,400034,400034******8983,8983,11/29,active,2023-08-24,,
CRD-000372,ACC-CR-00275,CUS-00324,primary,VISA,400012,400012******9423,9423,01/28,active,2010-11-22,,
CRD-000373,ACC-CR-00276,CUS-00325,primary,VISA,400012,400012******2150,2150,09/27,active,2013-03-13,,
CRD-000374,ACC-CR-00277,CUS-00326,primary,VISA,400012,400012******2904,2904,03/29,active,2011-11-09,,
CRD-000375,ACC-CR-00278,CUS-00327,primary,VISA,400012,400012******3319,3319,01/27,active,2014-12-07,,
CRD-000376,ACC-CR-00279,CUS-00328,primary,VISA,400012,400012******6213,6213,04/30,active,2011-11-09,,
CRD-000377,ACC-CR-00280,CUS-00329,primary,VISA,400012,400012******6007,6007,04/30,active,2023-07-08,,
CRD-000378,ACC-CR-00281,CUS-00330,primary,VISA,400012,400012******9452,9452,07/27,active,2019-06-24,,
CRD-000379,ACC-CR-00282,CUS-00331,primary,VISA,400012,400012******7078,7078,04/29,active,2019-08-09,,
CRD-000380,ACC-CR-00283,CUS-00332,primary,VISA,400012,400012******3824,3824,05/30,active,2023-07-10,,
CRD-000381,ACC-CR-00284,CUS-00333,primary,VISA,400012,400012******7853,7853,09/29,active,2015-06-01,,
CRD-000382,ACC-CR-00285,CUS-00334,primary,VISA,400012,400012******7648,7648,11/28,active,2024-12-08,,
CRD-000383,ACC-DDA-00073,CUS-00335,primary,VISA,400034,400034******5341,5341,04/28,active,2017-09-16,,
CRD-000384,ACC-CR-00286,CUS-00336,primary,VISA,400012,400012******0615,0615,04/27,active,2022-05-27,,
CRD-000385,ACC-CR-00287,CUS-00337,primary,VISA,400012,400012******0114,0114,01/28,active,2009-04-24,,
CRD-000386,ACC-CR-00288,CUS-00338,primary,VISA,400012,400012******1347,1347,01/29,active,2012-07-07,,
CRD-000387,ACC-DDA-00074,CUS-00338,primary,VISA,400034,400034******4403,4403,05/28,active,2012-07-07,,
CRD-000388,ACC-CR-00289,CUS-00339,primary,VISA,400012,400012******4993,4993,06/28,active,2014-10-03,,
CRD-000389,ACC-DDA-00075,CUS-00340,primary,VISA,400034,400034******6124,6124,09/28,active,2024-02-17,,
CRD-000390,ACC-CR-00290,CUS-00341,primary,VISA,400012,400012******4803,4803,12/29,active,2018-09-26,,
CRD-000391,ACC-CR-00291,CUS-00342,primary,VISA,400012,400012******2713,2713,11/28,active,2014-04-04,,
CRD-000392,ACC-CR-00292,CUS-00343,primary,VISA,400012,400012******5909,5909,02/28,active,2025-07-18,,
CRD-000393,ACC-CR-00293,CUS-00344,primary,VISA,400012,400012******3532,3532,10/30,active,2021-10-22,,
CRD-000394,ACC-CR-00294,CUS-00345,primary,VISA,400012,400012******9419,9419,03/29,active,2026-06-11,,
CRD-000395,ACC-DDA-00076,CUS-00345,primary,VISA,400034,400034******0164,0164,04/30,active,2026-06-11,,
CRD-000396,ACC-CR-00295,CUS-00346,primary,VISA,400012,400012******5935,5935,07/28,active,2013-03-02,,
CRD-000397,ACC-CR-00296,CUS-00347,primary,VISA,400012,400012******6939,6939,02/29,active,2025-12-23,,
CRD-000398,ACC-DDA-00077,CUS-00347,primary,VISA,400034,400034******3021,3021,11/29,active,2025-12-23,,
CRD-000399,ACC-CR-00297,CUS-00348,primary,VISA,400012,400012******4447,4447,07/28,active,2011-01-01,,
CRD-000400,ACC-CR-00298,CUS-00349,primary,VISA,400012,400012******5051,5051,02/29,active,2012-07-07,,
CRD-000401,ACC-DDA-00078,CUS-00349,primary,VISA,400034,400034******1139,1139,09/30,active,2012-07-07,,
CRD-000402,ACC-CR-00299,CUS-00350,primary,VISA,400012,400012******6496,6496,04/29,active,2024-05-25,,
CRD-000403,ACC-DDA-00079,CUS-00350,primary,VISA,400034,400034******6492,6492,03/27,active,2024-05-25,,
CRD-000404,ACC-CR-00300,CUS-00351,primary,VISA,400012,400012******5750,5750,10/30,active,2022-12-06,,
CRD-000405,ACC-CR-00300,CUS-00352,authorized_user,VISA,400012,400012******0110,0110,07/30,active,2024-04-26,,
CRD-000406,ACC-CR-00301,CUS-00353,primary,VISA,400012,400012******4808,4808,03/27,active,2011-09-28,,
CRD-000407,ACC-CR-00302,CUS-00354,primary,VISA,400012,400012******2059,2059,07/28,active,2022-07-12,,
CRD-000408,ACC-CR-00302,CUS-00355,authorized_user,VISA,400012,400012******6829,6829,07/29,active,2024-08-27,,
CRD-000409,ACC-CR-00303,CUS-00356,primary,VISA,400012,400012******8191,8191,04/28,active,2011-10-06,,
CRD-000410,ACC-CR-00304,CUS-00357,primary,VISA,400012,400012******0847,0847,06/30,active,2024-02-13,,
CRD-90001,ACC-CR-90001,CUS-90001,primary,VISA,400012,400012******5072,5072,06/29,active,2019-03-11,,
CRD-90002,ACC-CR-90002,CUS-90002,primary,VISA,400012,400012******5015,5015,09/30,active,2016-05-02,,
CRD-90003,ACC-CR-90003,CUS-90003,primary,VISA,400012,400012******4519,4519,08/28,active,2014-08-19,,
CRD-90004,ACC-CR-90004,CUS-90004,primary,VISA,400012,400012******8980,8980,04/29,active,2012-02-10,,
CRD-90005,ACC-CR-90005,CUS-90005,primary,VISA,400012,400012******6926,6926,11/29,active,2015-10-01,,
CRD-90006,ACC-CR-90006,CUS-90006,primary,VISA,400012,400012******0206,0206,06/29,active,2020-02-14,,
CRD-90007,ACC-CR-90007,CUS-90007,primary,VISA,400012,400012******4717,4717,09/28,active,2011-06-30,,
CRD-90008,ACC-DDA-90008,CUS-90008,primary,VISA,400034,400034******7265,7265,07/27,active,2026-09-24,,
CRD-90009,ACC-CR-90009,CUS-90009,primary,VISA,400012,400012******7922,7922,02/30,active,2021-04-07,,
CRD-90010,ACC-CR-90010,CUS-90010,primary,VISA,400012,400012******3309,3309,07/28,active,2013-09-01,,
CRD-90011,ACC-CR-90010,CUS-90011,authorized_user,VISA,400012,400012******0217,0217,03/28,active,2016-02-01,,
CRD-90012,ACC-CR-90012,CUS-90012,primary,VISA,400012,400012******9316,9316,10/27,active,2017-05-22,,
CRD-90013,ACC-CR-90013,CUS-90013,primary,VISA,400012,400012******9149,9149,05/27,active,2026-03-10,,
CRD-90014,ACC-CR-90014,CUS-90014,primary,VISA,400012,400012******1538,1538,08/27,active,2026-04-02,,
CRD-90015,ACC-CR-90015,CUS-90015,primary,VISA,400012,400012******9170,9170,05/28,active,2026-04-20,,
CRD-90016,ACC-CR-90016,CUS-90016,primary,VISA,400012,400012******2282,2282,12/28,active,2026-05-11,,
CRD-90017,ACC-CR-90017,CUS-90017,primary,VISA,400012,400012******7443,7443,04/30,active,2014-07-15,,
CRD-90018,ACC-CR-90018,CUS-90018,primary,VISA,400012,400012******7043,7043,06/29,active,2018-01-08,,
CRD-90019,ACC-CR-90019,CUS-90019,primary,VISA,400012,400012******7106,7106,05/30,active,2010-03-03,,
CRD-90020,ACC-CR-90020,CUS-90020,primary,VISA,400012,400012******7254,7254,10/30,active,2018-09-09,,
CRD-90021,ACC-CR-90021,CUS-90021,primary,VISA,400012,400012******4774,4774,02/30,active,2019-12-01,,
CRD-90022,ACC-CR-90022,CUS-90022,primary,VISA,400012,400012******9503,9503,12/30,active,2009-05-05,,
CRD-90023,ACC-DDA-90023,CUS-90023,primary,VISA,400034,400034******9589,9589,12/27,active,2017-04-04,,
CRD-90024,ACC-CR-90024,CUS-90024,primary,VISA,400012,400012******1271,1271,12/29,active,2016-11-11,,
