customer_id,full_name,preferred_name,birth_year,email,phone,alt_phone,home_address_id,employer_name,work_address_id,customer_since,segment,preferred_contact
CUS-00001,Cassian Larkin,Cassian,2000,cassian.larkin12@example.org,(614) 555-0100,,ADR-000001,Juniper Civic Services,ADR-000002,2016-01-11,mass,app
CUS-00002,Bastian Coldiron,Bastian,1959,bastian.coldiron99@example.net,(303) 555-0100,,ADR-000003,Northgate Schools,ADR-000004,2025-06-22,mass,email
CUS-00003,Valen Emberly,Valen,1975,valen.emberly47@example.com,(312) 555-0100,,ADR-000005,Meridian Freight Co,ADR-000006,2022-04-23,premium,phone
CUS-00004,Hugo Whitlock,Hugo,1973,hugo.whitlock20@example.org,(216) 555-0100,,ADR-000007,,,2018-08-16,mass,email
CUS-00005,Anouk Eversole,Anouk,1958,anouk.eversole11@example.org,(718) 555-0100,,ADR-000008,,,2009-11-01,mass,app
CUS-00006,Farah Ibarra-Lund,Farah,1987,farah.ibarralund84@example.org,(614) 555-0101,,ADR-000009,Rivermark Clinic,ADR-000010,2020-05-14,mass,email
CUS-00007,Bellamy Abernathy,Bellamy,1958,bellamy.abernathy87@example.com,(614) 555-0102,,ADR-000011,Orrin Manufacturing,ADR-000012,2011-05-02,premium,phone
CUS-00008,Linden Jessup,Linden,1998,linden.jessup64@example.com,(614) 555-0103,,ADR-000013,,,2019-11-19,mass,app
CUS-00009,Nico Jessup,Nico,1995,nico.jessup99@example.net,(614) 555-0104,,ADR-000013,,,2021-03-23,mass,phone
CUS-00010,Idris Whitlock,Idris,1958,idris.whitlock32@example.com,(303) 555-0101,,ADR-000014,Carver Design Studio,ADR-000015,2024-08-24,premium,email
CUS-00011,Hana Whitlock,Hana,1992,hana.whitlock51@example.net,(303) 555-0102,,ADR-000014,Rivermark Clinic,ADR-000016,2025-06-19,mass,email
CUS-00012,Greer Drummond,Greer,1965,greer.drummond29@example.com,(512) 555-0100,,ADR-000017,,,2017-08-18,mass,app
CUS-00013,Ezra Osei-Grant,Ezra,1987,ezra.oseigrant55@example.com,(412) 555-0100,,ADR-000018,Bluestem Insurance,ADR-000019,2011-07-11,mass,phone
CUS-00014,Ulla Holloway,Ulla,1998,ulla.holloway85@example.net,(216) 555-0101,,ADR-000020,,,2020-03-24,premium,phone
CUS-00015,Delphine Fairchild,Delphine,1998,delphine.fairchild70@example.com,(312) 555-0101,,ADR-000021,Brightline Staffing,ADR-000022,2018-12-18,mass,phone
CUS-00016,Teagan Sutcliffe,Teagan,1988,teagan.sutcliffe94@example.com,(206) 555-0100,,ADR-000023,Northgate Schools,ADR-000024,2015-07-28,mass,email
CUS-00017,Gideon Northcott,Gideon,1958,gideon.northcott8@example.net,(216) 555-0102,,ADR-000025,Carver Design Studio,ADR-000026,2010-11-15,premium,email
CUS-00018,Ezra Osei-Grant,Ezra,1986,ezra.oseigrant48@example.org,(206) 555-0101,,ADR-000027,,,2022-06-12,mass,phone
CUS-00019,Imani Nakashima-Hale,Imani,1979,imani.nakashimahale26@example.net,(614) 555-0105,,ADR-000028,Rivermark Clinic,ADR-000029,2023-01-01,mass,email
CUS-00020,Bellamy Okonjo,Bellamy,1992,bellamy.okonjo63@example.net,(614) 555-0106,,ADR-000030,Meridian Freight Co,ADR-000031,2021-11-22,mass,app
CUS-00021,Ulla Sutcliffe,Ulla,1974,ulla.sutcliffe42@example.org,(213) 555-0100,,ADR-000032,Northgate Schools,ADR-000033,2023-07-06,private,phone
CUS-00022,Idris Sutcliffe,Idris,1968,idris.sutcliffe87@example.com,(213) 555-0101,,ADR-000032,Cobalt Ridge Health,ADR-000034,2025-08-01,premium,email
CUS-00023,Arlo Valdivia,Arlo,1974,arlo.valdivia11@example.com,(216) 555-0103,,ADR-000035,,,2023-06-28,premium,email
CUS-00024,Greer Valdivia,Greer,1996,greer.valdivia57@example.org,(216) 555-0104,,ADR-000035,Tern & Finch Legal,ADR-000036,2025-09-10,mass,app
CUS-00025,Xiomara Dunmore,Xiomara,2003,xiomara.dunmore58@example.com,(617) 555-0100,,ADR-000037,Silverpine Logistics,ADR-000038,2019-11-05,mass,phone
CUS-00026,Elio Blackwood-Ruiz,Elio,1956,elio.blackwoodruiz41@example.org,(312) 555-0102,,ADR-000039,,,2015-01-06,mass,email
CUS-00027,Oakley Sutcliffe,Oakley,1991,oakley.sutcliffe30@example.com,(512) 555-0101,,ADR-000040,Bluestem Insurance,ADR-000041,2024-05-15,mass,phone
CUS-00028,Ulla Ravensworth,Ulla,1949,ulla.ravensworth27@example.net,(216) 555-0105,,ADR-000042,,,2023-08-12,mass,phone
CUS-00029,Teagan Delacroix-Park,Teagan,1962,teagan.delacroixpark11@example.com,(312) 555-0103,,ADR-000043,Helix Analytics,ADR-000044,2026-01-12,mass,email
CUS-00030,Hugo Kingsley,Hugo,1986,hugo.kingsley90@example.net,(614) 555-0107,,ADR-000045,,,2020-02-28,premium,app
CUS-00031,Ezra Coldiron,Ezra,1987,ezra.coldiron50@example.com,(617) 555-0101,,ADR-000046,,,2017-07-06,mass,app
CUS-00032,Delphine Marchetti,Delphine,1986,delphine.marchetti17@example.org,(614) 555-0108,,ADR-000047,Brightline Staffing,ADR-000048,2019-11-28,mass,phone
CUS-00033,Cassian Brightwater,Cassian,2000,cassian.brightwater27@example.com,(303) 555-0103,,ADR-000049,Carver Design Studio,ADR-000050,2014-02-26,premium,phone
CUS-00034,Gideon Fairchild,Gideon,1958,gideon.fairchild81@example.net,(614) 555-0109,,ADR-000051,Helix Analytics,ADR-000052,2023-06-22,mass,app
CUS-00035,Ezra Underhill,Ezra,1989,ezra.underhill88@example.net,(614) 555-0110,,ADR-000053,Juniper Civic Services,ADR-000054,2008-10-19,mass,app
CUS-00036,Arlo Pemberton,Arlo,2001,arlo.pemberton48@example.com,(206) 555-0102,,ADR-000055,Juniper Civic Services,ADR-000056,2023-11-26,premium,email
CUS-00037,Yael Achebe-Lowe,Yael,1998,yael.achebelowe9@example.net,(312) 555-0104,,ADR-000057,Silverpine Logistics,ADR-000058,2019-06-18,premium,app
CUS-00038,Greer Greenhalgh,Greer,2000,greer.greenhalgh13@example.org,(614) 555-0111,,ADR-000059,,,2013-10-14,mass,app
CUS-00039,Vesper Vasquez-Moore,Vesper,1992,vesper.vasquezmoore58@example.com,(312) 555-0105,,ADR-000060,Silverpine Logistics,ADR-000061,2016-03-13,private,app
CUS-00040,Arlo Castellane,Arlo,1990,arlo.castellane99@example.net,(614) 555-0112,,ADR-000062,Brightline Staffing,ADR-000063,2010-06-04,mass,app
CUS-00041,Delphine Sutcliffe,Delphine,1949,delphine.sutcliffe30@example.com,(312) 555-0106,,ADR-000064,Orrin Manufacturing,ADR-000065,2024-03-16,mass,email
CUS-00042,Noor Sutcliffe,Noor,2001,noor.sutcliffe36@example.org,(312) 555-0107,,ADR-000066,,,2017-06-03,mass,email
CUS-00043,Freya Sutcliffe,Freya,1959,freya.sutcliffe8@example.net,(312) 555-0108,,ADR-000066,Silverpine Logistics,ADR-000067,2017-09-09,mass,app
CUS-00044,Imani Rasmussen-Oda,Imani,1995,imani.rasmussenoda13@example.com,(614) 555-0113,,ADR-000068,Rivermark Clinic,ADR-000069,2011-09-11,mass,app
CUS-00045,Imani Nakashima-Hale,Imani,1952,imani.nakashimahale79@example.org,(201) 555-0100,,ADR-000070,Juniper Civic Services,ADR-000071,2024-03-10,mass,email
CUS-00046,Jules Penhallow,Jules,2001,jules.penhallow52@example.net,(206) 555-0103,,ADR-000072,Northgate Schools,ADR-000073,2014-05-02,mass,app
CUS-00047,Hugo Zeller,Hugo,1980,hugo.zeller33@example.net,(412) 555-0101,,ADR-000074,,,2026-04-18,premium,email
CUS-00048,Idris Crowe,Idris,1949,idris.crowe64@example.org,(206) 555-0104,,ADR-000075,,,2024-09-17,mass,phone
CUS-00049,Ulla Brightwater,Ulla,1988,ulla.brightwater45@example.com,(201) 555-0101,,ADR-000076,,,2010-06-03,mass,phone
CUS-00050,Juniper Vasquez-Moore,Juniper,1994,juniper.vasquezmoore7@example.net,(206) 555-0105,,ADR-000077,Brightline Staffing,ADR-000078,2024-09-03,mass,app
CUS-00051,Willa Thorne,Willa,2004,willa.thorne72@example.net,(213) 555-0102,,ADR-000079,Silverpine Logistics,ADR-000080,2023-02-17,premium,phone
CUS-00052,Delphine Thorne,Delphine,1987,delphine.thorne73@example.com,(213) 555-0103,,ADR-000079,Helix Analytics,ADR-000081,2025-07-18,mass,app
CUS-00053,Hollis Tamura-Bell,Hollis,1993,hollis.tamurabell87@example.net,(213) 555-0104,,ADR-000082,Northgate Schools,ADR-000083,2011-04-26,mass,email
CUS-00054,Greer Pemberton,Greer,1984,greer.pemberton34@example.com,(614) 555-0114,,ADR-000084,,,2013-08-01,mass,email
CUS-00055,Elio Larkin,Elio,1989,elio.larkin27@example.com,(303) 555-0104,,ADR-000085,Helix Analytics,ADR-000086,2023-11-13,premium,email
CUS-00056,Farah Penhallow,Farah,1970,farah.penhallow98@example.net,(303) 555-0105,,ADR-000087,Rivermark Clinic,ADR-000088,2020-09-17,mass,email
CUS-00057,Dashiell Farrowby,Dashiell,1997,dashiell.farrowby74@example.org,(718) 555-0101,,ADR-000089,Juniper Civic Services,ADR-000090,2020-12-02,mass,app
CUS-00058,Lior Valdivia,Lior,1991,lior.valdivia75@example.com,(412) 555-0102,,ADR-000091,,,2025-12-24,mass,email
CUS-00059,Nico Farrowby,Nico,1948,nico.farrowby94@example.org,(512) 555-0102,,ADR-000092,Bluestem Insurance,ADR-000093,2021-09-15,mass,phone
CUS-00060,Anouk Larkin,Anouk,1950,anouk.larkin4@example.org,(718) 555-0102,,ADR-000094,,,2012-08-22,mass,app
CUS-00061,Arlo Penhallow,Arlo,1965,arlo.penhallow19@example.net,(216) 555-0106,,ADR-000095,Brightline Staffing,ADR-000096,2014-07-07,mass,email
CUS-00062,Teagan Holloway,Teagan,1984,teagan.holloway92@example.com,(201) 555-0102,,ADR-000097,,,2013-04-18,mass,phone
CUS-00063,Umi Holloway,Umi,1977,umi.holloway53@example.org,(213) 555-0105,,ADR-000098,Carver Design Studio,ADR-000099,2023-06-18,mass,app
CUS-00064,Quinn Janowski,Quinn,1961,quinn.janowski66@example.org,(303) 555-0106,,ADR-000100,Rivermark Clinic,ADR-000101,2023-02-04,mass,app
CUS-00065,Vesper Osei-Grant,Vesper,2000,vesper.oseigrant22@example.net,(312) 555-0109,,ADR-000102,,,2011-02-26,mass,phone
CUS-00066,Bellamy Fairchild,Bellamy,1996,bellamy.fairchild68@example.org,(614) 555-0115,,ADR-000103,Carver Design Studio,ADR-000104,2021-12-22,mass,app
CUS-00067,Imani Iverson-Tate,Imani,1965,imani.iversontate6@example.net,(303) 555-0107,,ADR-000105,,,2021-10-19,mass,email
CUS-00068,Xiomara Iverson-Tate,Xiomara,1995,xiomara.iversontate68@example.com,(303) 555-0108,,ADR-000105,,,2023-07-04,mass,app
CUS-00069,Linden Wexford,Linden,1981,linden.wexford22@example.com,(512) 555-0103,,ADR-000106,Juniper Civic Services,ADR-000107,2016-01-25,private,app
CUS-00070,Darcy Ashdown,Darcy,1979,darcy.ashdown2@example.net,(206) 555-0106,,ADR-000108,Carver Design Studio,ADR-000109,2025-07-04,mass,app
CUS-00071,Perrin Ashdown,Perrin,1976,perrin.ashdown39@example.com,(614) 555-0116,,ADR-000110,Orrin Manufacturing,ADR-000111,2018-11-13,mass,app
CUS-00072,Noor Ravensworth,Noor,2004,noor.ravensworth21@example.net,(614) 555-0117,,ADR-000112,Northgate Schools,ADR-000113,2018-08-19,mass,email
CUS-00073,Perrin Larkin,Perrin,1999,perrin.larkin52@example.com,(412) 555-0103,,ADR-000114,Bluestem Insurance,ADR-000115,2025-07-11,mass,phone
CUS-00074,Farah Brightwater,Farah,1998,farah.brightwater16@example.org,(512) 555-0104,,ADR-000116,Silverpine Logistics,ADR-000117,2017-11-01,mass,phone
CUS-00075,Hugo Dunmore,Hugo,2001,hugo.dunmore46@example.org,(206) 555-0107,,ADR-000118,Northgate Schools,ADR-000119,2025-07-16,mass,phone
CUS-00076,Delphine Dunmore,Delphine,1951,delphine.dunmore47@example.com,(206) 555-0108,,ADR-000118,Helix Analytics,ADR-000120,2025-07-16,mass,app
CUS-00077,Yusuf Farrowby,Yusuf,1974,yusuf.farrowby35@example.com,(312) 555-0110,,ADR-000121,,,2019-04-22,private,phone
CUS-00078,Gemma Penhallow,Gemma,1985,gemma.penhallow4@example.org,(614) 555-0118,,ADR-000122,,,2026-06-23,mass,app
CUS-00079,Bellamy Dunmore,Bellamy,1977,bellamy.dunmore45@example.org,(213) 555-0106,,ADR-000123,,,2026-03-22,mass,phone
CUS-00080,Yael Ibarra-Lund,Yael,1951,yael.ibarralund6@example.net,(213) 555-0107,,ADR-000124,,,2013-03-22,mass,email
CUS-00081,Cleo Whitlock,Cleo,1987,cleo.whitlock71@example.org,(512) 555-0105,,ADR-000125,,,2019-07-04,premium,email
CUS-00082,Noor Whitlock,Noor,1958,noor.whitlock38@example.net,(512) 555-0106,,ADR-000125,,,2021-09-08,mass,app
CUS-00083,Cassian Rasmussen-Oda,Cassian,1977,cassian.rasmussenoda17@example.net,(512) 555-0107,,ADR-000126,Brightline Staffing,ADR-000127,2024-01-15,mass,email
CUS-00084,Ines Galloway-Chen,Ines,1961,ines.gallowaychen54@example.com,(312) 555-0111,,ADR-000128,Rivermark Clinic,ADR-000129,2020-02-24,premium,email
CUS-00085,Zadie Castellane,Zadie,1983,zadie.castellane97@example.org,(614) 555-0119,,ADR-000130,,,2016-06-18,premium,email
CUS-00086,Remy Dunmore,Remy,1970,remy.dunmore62@example.org,(512) 555-0108,,ADR-000131,Silverpine Logistics,ADR-000132,2021-01-18,private,email
CUS-00087,Dashiell Valdivia,Dashiell,1961,dashiell.valdivia21@example.org,(512) 555-0109,,ADR-000133,,,2025-12-22,mass,phone
CUS-00088,Cassian Wexford,Cassian,1980,cassian.wexford88@example.com,(312) 555-0112,,ADR-000134,,,2011-12-05,mass,phone
CUS-00089,Gideon Janowski,Gideon,1950,gideon.janowski40@example.net,(614) 555-0120,,ADR-000135,,,2024-02-08,mass,phone
CUS-00090,Avery Wexford,Avery,1971,avery.wexford16@example.net,(216) 555-0107,,ADR-000136,Brightline Staffing,ADR-000137,2015-07-17,premium,phone
CUS-00091,Jules Emberly,Jules,1998,jules.emberly12@example.net,(216) 555-0108,,ADR-000138,Orrin Manufacturing,ADR-000139,2024-06-08,mass,app
CUS-00092,Anouk Castellane,Anouk,1979,anouk.castellane90@example.org,(303) 555-0109,,ADR-000140,Silverpine Logistics,ADR-000141,2014-02-14,mass,email
CUS-00093,Hugo Delacroix-Park,Hugo,1953,hugo.delacroixpark94@example.net,(718) 555-0103,,ADR-000142,,,2024-02-23,mass,phone
CUS-00094,Rowan Crowe,Rowan,2000,rowan.crowe58@example.com,(412) 555-0104,,ADR-000143,,,2008-04-16,premium,app
CUS-00095,Elio Abernathy,Elio,1997,elio.abernathy70@example.com,(216) 555-0109,,ADR-000144,,,2016-07-19,mass,phone
CUS-00096,Imani Vasquez-Moore,Imani,2000,imani.vasquezmoore93@example.com,(617) 555-0102,,ADR-000145,Cobalt Ridge Health,ADR-000146,2013-04-08,mass,email
CUS-00097,Quinn Ibarra-Lund,Quinn,2002,quinn.ibarralund47@example.org,(614) 555-0121,,ADR-000147,Northgate Schools,ADR-000148,2024-07-11,mass,phone
CUS-00098,Pax Nakashima-Hale,Pax,1969,pax.nakashimahale89@example.net,(512) 555-0110,,ADR-000149,Northgate Schools,ADR-000150,2018-11-04,mass,email
CUS-00099,Bastian Penhallow,Bastian,1978,bastian.penhallow37@example.com,(206) 555-0109,,ADR-000151,,,2012-09-12,private,email
CUS-00100,Jules Brennan-Sato,Jules,1978,jules.brennansato33@example.org,(412) 555-0105,,ADR-000152,,,2017-09-07,premium,app
CUS-00101,Freya Achebe-Lowe,Freya,1949,freya.achebelowe74@example.org,(216) 555-0110,,ADR-000153,Northgate Schools,ADR-000154,2011-09-07,mass,app
CUS-00102,Emrys Kowalczyk,Emrys,2000,emrys.kowalczyk54@example.org,(216) 555-0111,,ADR-000155,Juniper Civic Services,ADR-000156,2022-11-22,mass,app
CUS-00103,Marlo Eversole,Marlo,1973,marlo.eversole34@example.org,(213) 555-0108,,ADR-000157,,,2023-02-07,mass,email
CUS-00104,Hana Tamura-Bell,Hana,1969,hana.tamurabell55@example.net,(617) 555-0103,,ADR-000158,Helix Analytics,ADR-000159,2017-02-23,premium,phone
CUS-00105,Noor Achebe-Lowe,Noor,1958,noor.achebelowe62@example.org,(312) 555-0113,,ADR-000160,,,2009-11-19,mass,app
CUS-00106,Emrys Fairchild,Emrys,1980,emrys.fairchild3@example.org,(614) 555-0122,,ADR-000161,Rivermark Clinic,ADR-000162,2026-06-07,mass,app
CUS-00107,Hollis Ibarra-Lund,Hollis,1959,hollis.ibarralund96@example.org,(718) 555-0104,,ADR-000163,,,2021-02-17,mass,app
CUS-00108,Ezra Ibarra-Lund,Ezra,1988,ezra.ibarralund15@example.net,(718) 555-0105,,ADR-000163,,,2023-05-07,premium,phone
CUS-00109,Gideon Wexford,Gideon,1995,gideon.wexford67@example.net,(614) 555-0123,,ADR-000164,,,2025-09-14,mass,email
CUS-00110,Avery Nakashima-Hale,Avery,1958,avery.nakashimahale79@example.com,(512) 555-0111,,ADR-000165,,,2022-01-28,mass,email
CUS-00111,Farah Kingsley,Farah,2001,farah.kingsley87@example.com,(213) 555-0109,,ADR-000166,Meridian Freight Co,ADR-000167,2018-01-11,private,phone
CUS-00112,Nico Nakashima-Hale,Nico,1984,nico.nakashimahale98@example.org,(512) 555-0112,,ADR-000168,,,2013-08-18,mass,email
CUS-00113,Freya Osei-Grant,Freya,1992,freya.oseigrant16@example.net,(213) 555-0110,,ADR-000169,Northgate Schools,ADR-000170,2023-02-03,mass,phone
CUS-00114,Nico Ashdown,Nico,1983,nico.ashdown55@example.net,(303) 555-0110,,ADR-000171,Tern & Finch Legal,ADR-000172,2022-11-12,mass,email
CUS-00115,Sasha Dunmore,Sasha,1999,sasha.dunmore9@example.com,(213) 555-0111,,ADR-000173,,,2015-11-23,mass,email
CUS-00116,Emrys Brightwater,Emrys,1972,emrys.brightwater52@example.net,(201) 555-0103,,ADR-000174,,,2026-06-26,mass,app
CUS-00117,Xiomara Thorne,Xiomara,1999,xiomara.thorne35@example.com,(206) 555-0110,,ADR-000175,Meridian Freight Co,ADR-000176,2020-08-27,mass,phone
CUS-00118,Rowan Zeller,Rowan,1958,rowan.zeller20@example.org,(312) 555-0114,,ADR-000177,Silverpine Logistics,ADR-000178,2024-03-07,premium,phone
CUS-00119,Jules Larkin,Jules,1950,jules.larkin17@example.net,(718) 555-0106,,ADR-000179,Meridian Freight Co,ADR-000180,2025-04-19,mass,phone
CUS-00120,Elio Greenhalgh,Elio,1995,elio.greenhalgh53@example.org,(412) 555-0106,,ADR-000181,Helix Analytics,ADR-000182,2009-05-08,mass,phone
CUS-00121,Bastian Quillon,Bastian,1960,bastian.quillon64@example.org,(614) 555-0124,,ADR-000183,,,2010-03-02,premium,phone
CUS-00122,Idris Dunmore,Idris,1995,idris.dunmore74@example.com,(617) 555-0104,,ADR-000184,Northgate Schools,ADR-000185,2009-11-16,mass,phone
CUS-00123,Yael Iverson-Tate,Yael,1989,yael.iversontate13@example.com,(312) 555-0115,,ADR-000186,Meridian Freight Co,ADR-000187,2010-02-26,premium,app
CUS-00124,Noor Eversole,Noor,1960,noor.eversole58@example.com,(512) 555-0113,,ADR-000188,Helix Analytics,ADR-000189,2016-05-25,mass,phone
CUS-00125,Darcy Jessup,Darcy,1960,darcy.jessup2@example.com,(614) 555-0125,,ADR-000190,Northgate Schools,ADR-000191,2008-08-10,mass,phone
CUS-00126,Yael Jessup,Yael,1949,yael.jessup98@example.com,(614) 555-0126,,ADR-000190,,,2010-06-01,premium,phone
CUS-00127,Umi Quillon,Umi,1995,umi.quillon87@example.org,(718) 555-0107,,ADR-000192,,,2023-10-16,mass,app
CUS-00128,Remy Brightwater,Remy,1993,remy.brightwater79@example.com,(614) 555-0127,,ADR-000193,Brightline Staffing,ADR-000194,2019-11-11,mass,app
CUS-00129,Ines Osei-Grant,Ines,1955,ines.oseigrant1@example.org,(412) 555-0107,,ADR-000195,Rivermark Clinic,ADR-000196,2020-11-21,mass,email
CUS-00130,Idris Eversole,Idris,1953,idris.eversole84@example.net,(216) 555-0112,,ADR-000197,Juniper Civic Services,ADR-000198,2014-07-23,mass,app
CUS-00131,Briar Ibarra-Lund,Briar,2004,briar.ibarralund52@example.org,(213) 555-0112,,ADR-000199,Brightline Staffing,ADR-000200,2018-05-08,mass,phone
CUS-00132,Teagan Montague,Teagan,2002,teagan.montague17@example.org,(718) 555-0108,,ADR-000201,Brightline Staffing,ADR-000202,2019-01-12,premium,email
CUS-00133,Hana Tamura-Bell,Hana,1964,hana.tamurabell82@example.org,(216) 555-0113,,ADR-000203,Juniper Civic Services,ADR-000204,2012-04-07,mass,phone
CUS-00134,Vesper Nakashima-Hale,Vesper,1978,vesper.nakashimahale71@example.org,(512) 555-0114,,ADR-000205,Orrin Manufacturing,ADR-000206,2025-04-24,mass,email
CUS-00135,Pax Rasmussen-Oda,Pax,1991,pax.rasmussenoda95@example.com,(303) 555-0111,,ADR-000207,Helix Analytics,ADR-000208,2019-08-16,private,phone
CUS-00136,Hana Crowe,Hana,1950,hana.crowe21@example.com,(614) 555-0128,,ADR-000209,Helix Analytics,ADR-000210,2009-04-27,premium,app
CUS-00137,Arlo Crowe,Arlo,1971,arlo.crowe30@example.com,(614) 555-0129,,ADR-000209,Bluestem Insurance,ADR-000211,2011-06-23,private,phone
CUS-00138,Greer Pemberton,Greer,1993,greer.pemberton98@example.org,(303) 555-0112,,ADR-000212,Cobalt Ridge Health,ADR-000213,2022-10-08,premium,phone
CUS-00139,Kai Tamura-Bell,Kai,1974,kai.tamurabell71@example.net,(303) 555-0113,,ADR-000214,,,2016-07-15,premium,email
CUS-00140,Briar Farrowby,Briar,1965,briar.farrowby44@example.org,(312) 555-0116,,ADR-000215,Helix Analytics,ADR-000216,2016-09-04,premium,phone
CUS-00141,Arlo Wexford,Arlo,1977,arlo.wexford44@example.net,(614) 555-0130,,ADR-000217,Silverpine Logistics,ADR-000218,2021-05-03,mass,email
CUS-00142,Ulla Wexford,Ulla,1994,ulla.wexford59@example.com,(614) 555-0131,,ADR-000217,,,2022-09-07,private,app
CUS-00143,Valen Zeller,Valen,1953,valen.zeller12@example.net,(512) 555-0115,,ADR-000219,Meridian Freight Co,ADR-000220,2022-01-04,private,phone
CUS-00144,Hana Rasmussen-Oda,Hana,1959,hana.rasmussenoda12@example.net,(213) 555-0113,,ADR-000221,,,2014-09-19,mass,app
CUS-00145,Cyrus Greenhalgh,Cyrus,1955,cyrus.greenhalgh79@example.com,(312) 555-0117,,ADR-000222,,,2019-12-07,mass,email
CUS-00146,Idris Hartwell,Idris,1948,idris.hartwell74@example.net,(412) 555-0108,,ADR-000223,,,2016-01-01,mass,phone
CUS-00147,Kiran Jessup,Kiran,1990,kiran.jessup75@example.net,(312) 555-0118,,ADR-000224,,,2022-11-02,mass,app
CUS-00148,Odessa Kowalczyk,Odessa,1973,odessa.kowalczyk96@example.net,(312) 555-0119,,ADR-000225,,,2014-10-12,mass,app
CUS-00149,Elio Kowalczyk,Elio,1998,elio.kowalczyk79@example.net,(312) 555-0120,,ADR-000225,Orrin Manufacturing,ADR-000226,2016-10-31,mass,app
CUS-00150,Wren Zeller,Wren,1948,wren.zeller71@example.net,(718) 555-0109,,ADR-000227,,,2022-03-07,mass,app
CUS-00151,Lior Brennan-Sato,Lior,1951,lior.brennansato63@example.net,(617) 555-0105,,ADR-000228,Silverpine Logistics,ADR-000229,2018-02-18,mass,app
CUS-00152,Soren Northcott,Soren,1965,soren.northcott73@example.net,(614) 555-0132,,ADR-000230,,,2024-07-01,premium,phone
CUS-00153,Emrys Holloway,Emrys,1959,emrys.holloway97@example.org,(718) 555-0110,,ADR-000231,Rivermark Clinic,ADR-000232,2025-08-14,mass,email
CUS-00154,Arlo Galloway-Chen,Arlo,1991,arlo.gallowaychen43@example.net,(206) 555-0111,,ADR-000233,,,2021-06-18,mass,phone
CUS-00155,Soren Emberly,Soren,1958,soren.emberly60@example.com,(206) 555-0112,,ADR-000234,,,2008-04-28,private,app
CUS-00156,Fallon Ashdown,Fallon,1959,fallon.ashdown84@example.org,(201) 555-0104,,ADR-000235,Cobalt Ridge Health,ADR-000236,2024-01-09,premium,app
CUS-00157,Marlo Ashdown,Marlo,1957,marlo.ashdown83@example.net,(201) 555-0105,,ADR-000235,Bluestem Insurance,ADR-000237,2025-07-25,mass,phone
CUS-00158,Jasper Coldiron,Jasper,1984,jasper.coldiron92@example.com,(512) 555-0116,,ADR-000238,Rivermark Clinic,ADR-000239,2022-08-22,mass,email
CUS-00159,Vesper Brennan-Sato,Vesper,1958,vesper.brennansato72@example.org,(216) 555-0114,,ADR-000240,Bluestem Insurance,ADR-000241,2022-01-08,mass,phone
CUS-00160,Imani Wexford,Imani,1999,imani.wexford79@example.com,(206) 555-0113,,ADR-000242,Juniper Civic Services,ADR-000243,2017-03-09,mass,email
CUS-00161,Yael Osei-Grant,Yael,1949,yael.oseigrant40@example.net,(614) 555-0133,,ADR-000244,Bluestem Insurance,ADR-000245,2021-04-15,mass,app
CUS-00162,Elio Pemberton,Elio,1976,elio.pemberton38@example.net,(614) 555-0134,,ADR-000246,Silverpine Logistics,ADR-000247,2012-09-11,mass,phone
CUS-00163,Xiomara Ravensworth,Xiomara,2000,xiomara.ravensworth89@example.com,(213) 555-0114,,ADR-000248,Rivermark Clinic,ADR-000249,2025-01-07,mass,app
CUS-00164,Kai Yardley,Kai,1957,kai.yardley2@example.org,(206) 555-0114,,ADR-000250,,,2024-02-12,mass,phone
CUS-00165,Willa Kingsley,Willa,1959,willa.kingsley95@example.com,(213) 555-0115,,ADR-000251,Cobalt Ridge Health,ADR-000252,2011-03-03,mass,phone
CUS-00166,Dashiell Kowalczyk,Dashiell,1969,dashiell.kowalczyk84@example.net,(213) 555-0116,,ADR-000253,Helix Analytics,ADR-000254,2015-12-24,premium,email
CUS-00167,Hugo Wexford,Hugo,1987,hugo.wexford38@example.org,(614) 555-0135,,ADR-000255,Carver Design Studio,ADR-000256,2015-01-08,mass,email
CUS-00168,Imani Emberly,Imani,1966,imani.emberly60@example.net,(718) 555-0111,,ADR-000257,,,2021-06-07,mass,phone
CUS-00169,Cassian Larkin,Cassian,1966,cassian.larkin28@example.org,(312) 555-0121,,ADR-000258,Brightline Staffing,ADR-000259,2019-02-14,mass,phone
CUS-00170,Idris Whitlock,Idris,1996,idris.whitlock35@example.org,(614) 555-0136,,ADR-000260,,,2010-10-18,premium,app
CUS-00171,Cassian Greenhalgh,Cassian,1954,cassian.greenhalgh81@example.net,(201) 555-0106,,ADR-000261,Meridian Freight Co,ADR-000262,2021-04-16,mass,phone
CUS-00172,Marlo Yardley,Marlo,1958,marlo.yardley46@example.com,(617) 555-0106,,ADR-000263,,,2022-12-21,premium,app
CUS-00173,Tamsin Iverson-Tate,Tamsin,1955,tamsin.iversontate55@example.com,(216) 555-0115,,ADR-000264,Bluestem Insurance,ADR-000265,2025-03-13,mass,email
CUS-00174,Gemma Abernathy,Gemma,1987,gemma.abernathy56@example.net,(512) 555-0117,,ADR-000266,,,2015-03-05,mass,email
CUS-00175,Arlo Hartwell,Arlo,1956,arlo.hartwell9@example.net,(614) 555-0137,,ADR-000267,Orrin Manufacturing,ADR-000268,2012-03-26,mass,email
CUS-00176,Freya Rasmussen-Oda,Freya,1991,freya.rasmussenoda62@example.com,(213) 555-0117,,ADR-000269,,,2008-03-07,mass,email
CUS-00177,Dashiell Brennan-Sato,Dashiell,2001,dashiell.brennansato47@example.org,(216) 555-0116,,ADR-000270,Silverpine Logistics,ADR-000271,2016-06-10,mass,phone
CUS-00178,Cyrus Brennan-Sato,Cyrus,2001,cyrus.brennansato31@example.org,(216) 555-0117,,ADR-000270,Carver Design Studio,ADR-000272,2016-07-17,mass,app
CUS-00179,Hugo Ibarra-Lund,Hugo,1968,hugo.ibarralund89@example.com,(614) 555-0138,,ADR-000273,Helix Analytics,ADR-000274,2010-04-04,mass,phone
CUS-00180,Xiomara Okonjo,Xiomara,1992,xiomara.okonjo59@example.org,(216) 555-0118,,ADR-000275,,,2021-06-04,private,email
CUS-00181,Odessa Quillon,Odessa,1989,odessa.quillon23@example.org,(206) 555-0115,,ADR-000276,,,2020-11-19,mass,email
CUS-00182,Cyrus Galloway-Chen,Cyrus,1959,cyrus.gallowaychen94@example.com,(614) 555-0139,,ADR-000277,,,2015-01-05,premium,app
CUS-00183,Ulla Galloway-Chen,Ulla,1965,ulla.gallowaychen81@example.org,(303) 555-0114,,ADR-000278,Silverpine Logistics,ADR-000279,2010-01-24,premium,phone
CUS-00184,Idris Osei-Grant,Idris,1997,idris.oseigrant4@example.org,(614) 555-0140,,ADR-000280,,,2019-01-19,mass,email
CUS-00185,Yael Iverson-Tate,Yael,2003,yael.iversontate93@example.com,(614) 555-0141,,ADR-000281,Meridian Freight Co,ADR-000282,2018-10-25,mass,email
CUS-00186,Gemma Kingsley,Gemma,1982,gemma.kingsley81@example.com,(614) 555-0142,,ADR-000283,,,2017-02-17,mass,phone
CUS-00187,Valen Kingsley,Valen,1954,valen.kingsley56@example.org,(312) 555-0122,,ADR-000284,,,2009-11-23,premium,email
CUS-00188,Fallon Janowski,Fallon,1971,fallon.janowski79@example.net,(412) 555-0109,,ADR-000285,Tern & Finch Legal,ADR-000286,2016-11-03,premium,app
CUS-00189,Pax Zeller,Pax,1966,pax.zeller96@example.net,(617) 555-0107,,ADR-000287,Brightline Staffing,ADR-000288,2011-05-06,mass,email
CUS-00190,Quinn Castellane,Quinn,1970,quinn.castellane18@example.org,(617) 555-0108,,ADR-000289,Helix Analytics,ADR-000290,2018-09-23,mass,app
CUS-00191,Jules Emberly,Jules,1971,jules.emberly22@example.net,(216) 555-0119,,ADR-000291,Bluestem Insurance,ADR-000292,2023-04-18,mass,phone
CUS-00192,Imani Abernathy,Imani,2002,imani.abernathy96@example.org,(216) 555-0120,,ADR-000293,Helix Analytics,ADR-000294,2010-04-08,mass,phone
CUS-00193,Briar Castellane,Briar,1975,briar.castellane3@example.net,(303) 555-0115,,ADR-000295,Tern & Finch Legal,ADR-000296,2021-08-10,mass,app
CUS-00194,Kai Castellane,Kai,1958,kai.castellane28@example.org,(303) 555-0116,,ADR-000295,Tern & Finch Legal,ADR-000297,2022-10-11,private,app
CUS-00195,Remy Crowe,Remy,1954,remy.crowe99@example.org,(614) 555-0143,,ADR-000298,Orrin Manufacturing,ADR-000299,2017-07-13,premium,email
CUS-00196,Dashiell Stirling,Dashiell,1999,dashiell.stirling4@example.org,(412) 555-0110,,ADR-000300,Orrin Manufacturing,ADR-000301,2011-05-21,mass,email
CUS-00197,Kiran Stirling,Kiran,1978,kiran.stirling76@example.com,(412) 555-0111,,ADR-000300,Cobalt Ridge Health,ADR-000302,2011-08-17,premium,email
CUS-00198,Kai Galloway-Chen,Kai,1981,kai.gallowaychen77@example.net,(614) 555-0144,,ADR-000303,Bluestem Insurance,ADR-000304,2008-10-01,mass,email
CUS-00199,Kiran Emberly,Kiran,1959,kiran.emberly37@example.org,(617) 555-0109,,ADR-000305,Silverpine Logistics,ADR-000306,2009-05-02,mass,app
CUS-00200,Greer Emberly,Greer,1991,greer.emberly95@example.org,(617) 555-0110,,ADR-000305,Silverpine Logistics,ADR-000307,2011-05-29,mass,phone
CUS-00201,Zuri Drummond,Zuri,2004,zuri.drummond76@example.com,(213) 555-0118,,ADR-000308,Cobalt Ridge Health,ADR-000309,2016-04-17,mass,email
CUS-00202,Odessa Ibarra-Lund,Odessa,1954,odessa.ibarralund32@example.org,(216) 555-0121,,ADR-000310,Juniper Civic Services,ADR-000311,2022-10-15,mass,app
CUS-00203,Rowan Castellane,Rowan,2003,rowan.castellane48@example.org,(412) 555-0112,,ADR-000312,Carver Design Studio,ADR-000313,2023-03-21,mass,app
CUS-00204,Sasha Iverson-Tate,Sasha,1997,sasha.iversontate67@example.org,(303) 555-0117,,ADR-000314,Cobalt Ridge Health,ADR-000315,2010-07-07,mass,phone
CUS-00205,Delphine Crowe,Delphine,1997,delphine.crowe71@example.com,(614) 555-0145,,ADR-000316,Juniper Civic Services,ADR-000317,2012-08-04,mass,phone
CUS-00206,Hugo Tamura-Bell,Hugo,1948,hugo.tamurabell13@example.org,(614) 555-0146,,ADR-000318,Meridian Freight Co,ADR-000319,2023-06-26,mass,app
CUS-00207,Yusuf Brennan-Sato,Yusuf,1996,yusuf.brennansato58@example.com,(617) 555-0111,,ADR-000320,Northgate Schools,ADR-000321,2021-01-26,mass,phone
CUS-00208,Perrin Janowski,Perrin,1978,perrin.janowski61@example.net,(512) 555-0118,,ADR-000322,Cobalt Ridge Health,ADR-000323,2021-06-13,premium,phone
CUS-00209,Umi Iverson-Tate,Umi,1975,umi.iversontate72@example.net,(412) 555-0113,,ADR-000324,Bluestem Insurance,ADR-000325,2021-05-06,mass,phone
CUS-00210,Idris Dunmore,Idris,1954,idris.dunmore58@example.com,(412) 555-0114,,ADR-000326,,,2010-07-20,mass,app
CUS-00211,Zuri Sutcliffe,Zuri,1986,zuri.sutcliffe42@example.net,(614) 555-0147,,ADR-000327,Northgate Schools,ADR-000328,2013-12-02,mass,phone
CUS-00212,Noor Nakashima-Hale,Noor,1965,noor.nakashimahale45@example.com,(617) 555-0112,,ADR-000329,Tern & Finch Legal,ADR-000330,2026-06-28,private,phone
CUS-00213,Lior Stirling,Lior,1986,lior.stirling20@example.net,(614) 555-0148,,ADR-000331,Bluestem Insurance,ADR-000332,2012-09-03,mass,email
CUS-00214,Lior Ibarra-Lund,Lior,1989,lior.ibarralund77@example.net,(216) 555-0122,,ADR-000333,Helix Analytics,ADR-000334,2010-12-09,mass,email
CUS-00215,Dashiell Brennan-Sato,Dashiell,1993,dashiell.brennansato38@example.net,(617) 555-0113,,ADR-000335,Helix Analytics,ADR-000336,2017-07-26,premium,app
CUS-00216,Avery Okonjo,Avery,1995,avery.okonjo23@example.com,(303) 555-0118,,ADR-000337,,,2021-02-21,premium,email
CUS-00217,Fallon Brennan-Sato,Fallon,1968,fallon.brennansato85@example.org,(206) 555-0116,,ADR-000338,Silverpine Logistics,ADR-000339,2010-10-20,mass,email
CUS-00218,Teagan Penhallow,Teagan,1963,teagan.penhallow76@example.com,(617) 555-0114,,ADR-000340,,,2024-06-14,mass,email
CUS-00219,Zuri Blackwood-Ruiz,Zuri,2004,zuri.blackwoodruiz36@example.com,(614) 555-0149,,ADR-000341,Northgate Schools,ADR-000342,2013-08-01,mass,app
CUS-00220,Juniper Ashdown,Juniper,1984,juniper.ashdown55@example.org,(213) 555-0119,,ADR-000343,Tern & Finch Legal,ADR-000344,2022-02-23,premium,email
CUS-00221,Avery Valdivia,Avery,1958,avery.valdivia21@example.org,(213) 555-0120,,ADR-000345,,,2025-02-05,premium,phone
CUS-00222,Sasha Crowe,Sasha,1950,sasha.crowe40@example.com,(201) 555-0107,,ADR-000346,,,2026-06-16,premium,phone
CUS-00223,Odessa Rasmussen-Oda,Odessa,1962,odessa.rasmussenoda2@example.net,(614) 555-0150,,ADR-000347,Juniper Civic Services,ADR-000348,2011-10-20,mass,app
CUS-00224,Valen Holloway,Valen,1979,valen.holloway77@example.net,(206) 555-0117,,ADR-000349,Silverpine Logistics,ADR-000350,2026-06-21,mass,app
CUS-00225,Emrys Lockridge,Emrys,1972,emrys.lockridge18@example.org,(617) 555-0115,,ADR-000351,,,2013-05-07,private,email
CUS-00226,Hollis Lockridge,Hollis,1991,hollis.lockridge91@example.com,(201) 555-0108,,ADR-000352,,,2025-07-28,mass,email
CUS-00227,Kai Underhill,Kai,1969,kai.underhill26@example.com,(213) 555-0121,,ADR-000353,,,2018-05-09,premium,email
CUS-00228,Umi Whitlock,Umi,1994,umi.whitlock22@example.com,(614) 555-0151,,ADR-000354,Meridian Freight Co,ADR-000355,2022-11-05,premium,phone
CUS-00229,Elio Holloway,Elio,1955,elio.holloway81@example.org,(216) 555-0123,,ADR-000356,Juniper Civic Services,ADR-000357,2021-11-12,mass,app
CUS-00230,Oakley Ibarra-Lund,Oakley,1994,oakley.ibarralund95@example.org,(201) 555-0109,,ADR-000358,Bluestem Insurance,ADR-000359,2019-02-09,mass,phone
CUS-00231,Pax Ashdown,Pax,1979,pax.ashdown64@example.net,(303) 555-0119,,ADR-000360,Rivermark Clinic,ADR-000361,2025-09-14,mass,email
CUS-00232,Zadie Vasquez-Moore,Zadie,1999,zadie.vasquezmoore8@example.org,(614) 555-0152,,ADR-000362,,,2016-12-21,mass,app
CUS-00233,Gideon Holloway,Gideon,1989,gideon.holloway80@example.org,(213) 555-0122,,ADR-000363,Silverpine Logistics,ADR-000364,2022-08-05,mass,email
CUS-00234,Lior Vasquez-Moore,Lior,1951,lior.vasquezmoore50@example.org,(312) 555-0123,,ADR-000365,Bluestem Insurance,ADR-000366,2026-06-23,mass,email
CUS-00235,Ulla Emberly,Ulla,1958,ulla.emberly25@example.org,(206) 555-0118,,ADR-000367,,,2017-09-27,mass,email
CUS-00236,Gemma Underhill,Gemma,1967,gemma.underhill75@example.net,(201) 555-0110,,ADR-000368,Juniper Civic Services,ADR-000369,2022-08-01,private,app
CUS-00237,Wren Lockridge,Wren,2004,wren.lockridge25@example.net,(213) 555-0123,,ADR-000370,Carver Design Studio,ADR-000371,2025-04-22,private,email
CUS-00238,Idris Tamura-Bell,Idris,1984,idris.tamurabell7@example.net,(216) 555-0124,,ADR-000372,Meridian Freight Co,ADR-000373,2020-07-19,mass,phone
CUS-00239,Ines Quillon,Ines,2004,ines.quillon31@example.net,(201) 555-0111,,ADR-000374,Orrin Manufacturing,ADR-000375,2008-05-17,premium,app
CUS-00240,Lior Whitlock,Lior,1954,lior.whitlock68@example.com,(614) 555-0153,,ADR-000376,Tern & Finch Legal,ADR-000377,2014-09-09,premium,email
CUS-00241,Imani Farrowby,Imani,1960,imani.farrowby82@example.net,(312) 555-0124,,ADR-000378,,,2023-09-28,mass,app
CUS-00242,Greer Iverson-Tate,Greer,1985,greer.iversontate10@example.com,(206) 555-0119,,ADR-000379,Bluestem Insurance,ADR-000380,2014-03-27,mass,email
CUS-00243,Darcy Kowalczyk,Darcy,1990,darcy.kowalczyk18@example.org,(614) 555-0154,,ADR-000381,,,2017-06-12,premium,email
CUS-00244,Anouk Delacroix-Park,Anouk,1956,anouk.delacroixpark40@example.org,(718) 555-0112,,ADR-000382,Bluestem Insurance,ADR-000383,2021-12-22,mass,app
CUS-00245,Zuri Greenhalgh,Zuri,1954,zuri.greenhalgh17@example.com,(206) 555-0120,,ADR-000384,,,2018-03-28,mass,phone
CUS-00246,Bellamy Castellane,Bellamy,1958,bellamy.castellane89@example.com,(512) 555-0119,,ADR-000385,Bluestem Insurance,ADR-000386,2013-11-02,mass,app
CUS-00247,Idris Delacroix-Park,Idris,1980,idris.delacroixpark73@example.net,(213) 555-0124,,ADR-000387,,,2017-10-08,mass,email
CUS-00248,Darcy Penhallow,Darcy,1983,darcy.penhallow53@example.net,(718) 555-0113,,ADR-000388,,,2018-02-14,private,phone
CUS-00249,Farah Penhallow,Farah,1993,farah.penhallow66@example.net,(718) 555-0114,,ADR-000388,Carver Design Studio,ADR-000389,2018-05-31,mass,phone
CUS-00250,Elio Eversole,Elio,2003,elio.eversole95@example.com,(718) 555-0115,,ADR-000390,,,2022-10-08,mass,app
CUS-00251,Ines Galloway-Chen,Ines,1979,ines.gallowaychen87@example.org,(312) 555-0125,,ADR-000391,,,2026-06-01,mass,email
CUS-00252,Tamsin Quillon,Tamsin,1950,tamsin.quillon87@example.org,(216) 555-0125,,ADR-000392,Cobalt Ridge Health,ADR-000393,2023-02-13,mass,app
CUS-00253,Valen Stirling,Valen,1962,valen.stirling46@example.com,(216) 555-0126,,ADR-000394,,,2017-12-02,mass,phone
CUS-00254,Linden Quillon,Linden,1952,linden.quillon43@example.com,(213) 555-0125,,ADR-000395,,,2025-06-07,mass,email
CUS-00255,Rowan Lockridge,Rowan,1957,rowan.lockridge69@example.com,(412) 555-0115,,ADR-000396,Helix Analytics,ADR-000397,2016-05-15,premium,email
CUS-00256,Valen Okonjo,Valen,1997,valen.okonjo55@example.com,(312) 555-0126,,ADR-000398,Carver Design Studio,ADR-000399,2011-10-02,mass,app
CUS-00257,Pax Farrowby,Pax,1949,pax.farrowby20@example.com,(206) 555-0121,,ADR-000400,,,2020-12-11,mass,app
CUS-00258,Cleo Sutcliffe,Cleo,1958,cleo.sutcliffe13@example.com,(201) 555-0112,,ADR-000401,,,2012-04-13,mass,email
CUS-00259,Oakley Stirling,Oakley,1948,oakley.stirling5@example.net,(718) 555-0116,,ADR-000402,Orrin Manufacturing,ADR-000403,2022-04-09,mass,phone
CUS-00260,Freya Yardley,Freya,1954,freya.yardley46@example.com,(614) 555-0155,,ADR-000404,Cobalt Ridge Health,ADR-000405,2026-06-08,mass,phone
CUS-00261,Lior Eversole,Lior,2004,lior.eversole96@example.net,(213) 555-0126,,ADR-000406,,,2026-06-16,premium,app
CUS-00262,Tamsin Achebe-Lowe,Tamsin,2004,tamsin.achebelowe81@example.com,(512) 555-0120,,ADR-000407,,,2017-07-20,mass,phone
CUS-00263,Yael Rasmussen-Oda,Yael,1997,yael.rasmussenoda87@example.com,(303) 555-0120,,ADR-000408,,,2012-08-17,mass,email
CUS-00264,Rowan Zeller,Rowan,2000,rowan.zeller78@example.net,(512) 555-0121,,ADR-000409,,,2018-02-14,mass,phone
CUS-00265,Kiran Zeller,Kiran,1990,kiran.zeller44@example.net,(512) 555-0122,,ADR-000409,,,2020-05-28,mass,app
CUS-00266,Juniper Zeller,Juniper,1982,juniper.zeller9@example.com,(201) 555-0113,,ADR-000410,,,2022-06-10,mass,email
CUS-00267,Emrys Northcott,Emrys,1996,emrys.northcott53@example.com,(216) 555-0127,,ADR-000411,Carver Design Studio,ADR-000412,2019-01-18,mass,email
CUS-00268,Pax Jessup,Pax,1988,pax.jessup10@example.org,(718) 555-0117,,ADR-000413,Rivermark Clinic,ADR-000414,2023-03-17,mass,email
CUS-00269,Hugo Marchetti,Hugo,1997,hugo.marchetti24@example.com,(312) 555-0127,,ADR-000415,,,2008-05-03,premium,email
CUS-00270,Jules Dunmore,Jules,2001,jules.dunmore39@example.org,(614) 555-0156,,ADR-000416,,,2009-01-21,mass,phone
CUS-00271,Zuri Marchetti,Zuri,1956,zuri.marchetti88@example.net,(617) 555-0116,,ADR-000417,Helix Analytics,ADR-000418,2020-01-24,mass,phone
CUS-00272,Perrin Marchetti,Perrin,1953,perrin.marchetti5@example.org,(617) 555-0117,,ADR-000417,Meridian Freight Co,ADR-000419,2020-10-03,mass,phone
CUS-00273,Kiran Kowalczyk,Kiran,1979,kiran.kowalczyk93@example.com,(614) 555-0157,,ADR-000420,Bluestem Insurance,ADR-000421,2012-01-13,mass,phone
CUS-00274,Remy Coldiron,Remy,1957,remy.coldiron82@example.com,(412) 555-0116,,ADR-000422,Meridian Freight Co,ADR-000423,2014-06-12,premium,phone
CUS-00275,Teagan Emberly,Teagan,1967,teagan.emberly92@example.com,(206) 555-0122,,ADR-000424,,,2026-06-09,mass,phone
CUS-00276,Sasha Penhallow,Sasha,1982,sasha.penhallow61@example.org,(718) 555-0118,,ADR-000425,Juniper Civic Services,ADR-000426,2025-05-20,premium,email
CUS-00277,Emrys Pemberton,Emrys,2003,emrys.pemberton15@example.com,(206) 555-0123,,ADR-000427,,,2013-07-04,mass,app
CUS-00278,Cyrus Montague,Cyrus,1978,cyrus.montague76@example.net,(617) 555-0118,,ADR-000428,Carver Design Studio,ADR-000429,2011-01-14,mass,app
CUS-00279,Anouk Ravensworth,Anouk,1970,anouk.ravensworth51@example.org,(213) 555-0127,,ADR-000430,,,2021-10-07,mass,app
CUS-00280,Elio Okonjo,Elio,1950,elio.okonjo99@example.net,(206) 555-0124,,ADR-000431,Bluestem Insurance,ADR-000432,2026-06-23,mass,email
CUS-00281,Elio Achebe-Lowe,Elio,1990,elio.achebelowe27@example.org,(216) 555-0128,,ADR-000433,Rivermark Clinic,ADR-000434,2021-10-06,mass,email
CUS-00282,Remy Marchetti,Remy,1951,remy.marchetti47@example.org,(412) 555-0117,,ADR-000435,Brightline Staffing,ADR-000436,2015-03-07,mass,email
CUS-00283,Nico Greenhalgh,Nico,1991,nico.greenhalgh12@example.com,(718) 555-0119,,ADR-000437,Bluestem Insurance,ADR-000438,2025-04-07,premium,phone
CUS-00284,Hugo Quillon,Hugo,1986,hugo.quillon5@example.net,(718) 555-0120,,ADR-000439,Orrin Manufacturing,ADR-000440,2013-04-01,mass,app
CUS-00285,Yael Delacroix-Park,Yael,1989,yael.delacroixpark69@example.net,(614) 555-0158,,ADR-000441,,,2018-04-18,mass,email
CUS-00286,Quinn Tamura-Bell,Quinn,1952,quinn.tamurabell27@example.org,(201) 555-0114,,ADR-000442,Meridian Freight Co,ADR-000443,2021-07-23,mass,email
CUS-00287,Linden Ashdown,Linden,1952,linden.ashdown82@example.org,(312) 555-0128,,ADR-000444,Northgate Schools,ADR-000445,2019-07-02,mass,email
CUS-00288,Arlo Castellane,Arlo,1981,arlo.castellane84@example.org,(617) 555-0119,,ADR-000446,,,2025-02-03,private,email
CUS-00289,Elio Castellane,Elio,1997,elio.castellane73@example.net,(617) 555-0120,,ADR-000446,,,2025-02-03,premium,app
CUS-00290,Darcy Ravensworth,Darcy,1982,darcy.ravensworth1@example.net,(312) 555-0129,,ADR-000447,,,2016-01-08,private,app
CUS-00291,Zuri Farrowby,Zuri,1949,zuri.farrowby68@example.net,(512) 555-0123,,ADR-000448,Helix Analytics,ADR-000449,2013-05-11,premium,email
CUS-00292,Jules Pemberton,Jules,1975,jules.pemberton47@example.com,(718) 555-0121,,ADR-000450,,,2017-10-22,mass,email
CUS-00293,Kiran Holloway,Kiran,1994,kiran.holloway10@example.org,(216) 555-0129,,ADR-000451,Rivermark Clinic,ADR-000452,2012-01-21,premium,email
CUS-00294,Sasha Kingsley,Sasha,1978,sasha.kingsley8@example.com,(312) 555-0130,,ADR-000453,Rivermark Clinic,ADR-000454,2018-08-26,premium,phone
CUS-00295,Arlo Nakashima-Hale,Arlo,1989,arlo.nakashimahale2@example.org,(312) 555-0131,,ADR-000455,Rivermark Clinic,ADR-000456,2011-02-01,mass,phone
CUS-00296,Kai Brennan-Sato,Kai,1975,kai.brennansato35@example.net,(216) 555-0130,,ADR-000457,,,2025-08-05,mass,phone
CUS-00297,Ines Brennan-Sato,Ines,1963,ines.brennansato48@example.com,(216) 555-0131,,ADR-000457,Helix Analytics,ADR-000458,2025-08-05,premium,phone
CUS-00298,Imani Castellane,Imani,1971,imani.castellane29@example.org,(216) 555-0132,,ADR-000459,Juniper Civic Services,ADR-000460,2024-04-20,mass,app
CUS-00299,Pax Dunmore,Pax,1967,pax.dunmore6@example.net,(617) 555-0121,,ADR-000461,Silverpine Logistics,ADR-000462,2019-12-07,premium,email
CUS-00300,Mira Jessup,Mira,1951,mira.jessup90@example.com,(512) 555-0124,,ADR-000463,Brightline Staffing,ADR-000464,2009-05-23,mass,phone
CUS-00301,Dashiell Delacroix-Park,Dashiell,1997,dashiell.delacroixpark20@example.net,(718) 555-0122,,ADR-000465,Bluestem Insurance,ADR-000466,2013-01-03,mass,app
CUS-00302,Lior Vasquez-Moore,Lior,1961,lior.vasquezmoore55@example.com,(303) 555-0121,,ADR-000467,,,2015-04-01,private,app
CUS-00303,Tamsin Coldiron,Tamsin,1989,tamsin.coldiron84@example.com,(617) 555-0122,,ADR-000468,,,2015-06-23,mass,app
CUS-00304,Rowan Blackwood-Ruiz,Rowan,1989,rowan.blackwoodruiz4@example.org,(303) 555-0122,,ADR-000469,,,2024-06-17,premium,phone
CUS-00305,Gemma Blackwood-Ruiz,Gemma,1956,gemma.blackwoodruiz48@example.org,(303) 555-0123,,ADR-000469,,,2026-02-27,mass,email
CUS-00306,Cassian Osei-Grant,Cassian,1979,cassian.oseigrant91@example.net,(312) 555-0132,,ADR-000470,Meridian Freight Co,ADR-000471,2013-04-25,private,phone
CUS-00307,Yael Vasquez-Moore,Yael,1953,yael.vasquezmoore35@example.net,(206) 555-0125,,ADR-000472,,,2008-08-17,mass,app
CUS-00308,Mira Hartwell,Mira,1988,mira.hartwell66@example.net,(312) 555-0133,,ADR-000473,,,2010-11-18,premium,phone
CUS-00309,Arlo Sutcliffe,Arlo,1994,arlo.sutcliffe33@example.net,(614) 555-0159,,ADR-000474,,,2009-08-25,mass,phone
CUS-00310,Delphine Janowski,Delphine,1993,delphine.janowski63@example.org,(412) 555-0118,,ADR-000475,Orrin Manufacturing,ADR-000476,2013-08-23,premium,phone
CUS-00311,Briar Montague,Briar,1996,briar.montague14@example.com,(718) 555-0123,,ADR-000477,,,2024-01-11,mass,phone
CUS-00312,Emrys Pemberton,Emrys,1972,emrys.pemberton69@example.org,(213) 555-0128,,ADR-000478,,,2024-02-21,mass,app
CUS-00313,Umi Fairchild,Umi,1957,umi.fairchild40@example.net,(512) 555-0125,,ADR-000479,,,2010-03-22,mass,phone
CUS-00314,Perrin Penhallow,Perrin,1976,perrin.penhallow6@example.org,(312) 555-0134,,ADR-000480,Bluestem Insurance,ADR-000481,2008-02-12,mass,phone
CUS-00315,Yusuf Drummond,Yusuf,1964,yusuf.drummond11@example.org,(312) 555-0135,,ADR-000482,Bluestem Insurance,ADR-000483,2024-05-25,premium,email
CUS-00316,Avery Jessup,Avery,1965,avery.jessup14@example.com,(206) 555-0126,,ADR-000484,Brightline Staffing,ADR-000485,2024-12-11,mass,app
CUS-00317,Elio Larkin,Elio,1990,elio.larkin2@example.net,(216) 555-0133,,ADR-000486,Bluestem Insurance,ADR-000487,2018-10-16,premium,email
CUS-00318,Hana Farrowby,Hana,1979,hana.farrowby28@example.net,(206) 555-0127,,ADR-000488,Northgate Schools,ADR-000489,2021-07-01,mass,email
CUS-00319,Remy Emberly,Remy,1950,remy.emberly57@example.net,(412) 555-0119,,ADR-000490,Rivermark Clinic,ADR-000491,2022-12-06,mass,phone
CUS-00320,Hana Valdivia,Hana,1985,hana.valdivia41@example.net,(512) 555-0126,,ADR-000492,Cobalt Ridge Health,ADR-000493,2018-04-23,mass,app
CUS-00321,Yusuf Quillon,Yusuf,1963,yusuf.quillon92@example.org,(303) 555-0124,,ADR-000494,,,2024-10-22,mass,app
CUS-00322,Jules Lockridge,Jules,1979,jules.lockridge94@example.com,(206) 555-0128,,ADR-000495,Orrin Manufacturing,ADR-000496,2015-05-26,mass,app
CUS-00323,Briar Brightwater,Briar,2003,briar.brightwater48@example.org,(213) 555-0129,,ADR-000497,,,2023-08-24,mass,email
CUS-00324,Odessa Whitlock,Odessa,1951,odessa.whitlock99@example.org,(412) 555-0120,,ADR-000498,Cobalt Ridge Health,ADR-000499,2010-11-22,mass,email
CUS-00325,Cleo Brightwater,Cleo,2003,cleo.brightwater47@example.com,(718) 555-0124,,ADR-000500,Meridian Freight Co,ADR-000501,2013-03-13,mass,app
CUS-00326,Perrin Thorne,Perrin,1979,perrin.thorne68@example.org,(216) 555-0134,,ADR-000502,Northgate Schools,ADR-000503,2011-11-09,premium,phone
CUS-00327,Dashiell Underhill,Dashiell,1977,dashiell.underhill59@example.com,(614) 555-0160,,ADR-000504,,,2014-12-07,mass,email
CUS-00328,Perrin Vasquez-Moore,Perrin,2003,perrin.vasquezmoore72@example.com,(216) 555-0135,,ADR-000505,,,2011-11-09,premium,app
CUS-00329,Imani Abernathy,Imani,1989,imani.abernathy57@example.org,(213) 555-0130,,ADR-000506,,,2023-07-08,mass,phone
CUS-00330,Rowan Achebe-Lowe,Rowan,1980,rowan.achebelowe2@example.com,(718) 555-0125,,ADR-000507,,,2019-06-24,mass,phone
CUS-00331,Linden Tamura-Bell,Linden,1992,linden.tamurabell77@example.org,(718) 555-0126,,ADR-000508,Bluestem Insurance,ADR-000509,2019-08-09,private,email
CUS-00332,Hana Holloway,Hana,1976,hana.holloway64@example.com,(512) 555-0127,,ADR-000510,,,2023-07-10,mass,app
CUS-00333,Ulla Coldiron,Ulla,1958,ulla.coldiron1@example.com,(614) 555-0161,,ADR-000511,Rivermark Clinic,ADR-000512,2015-06-01,mass,phone
CUS-00334,Gemma Ashdown,Gemma,2004,gemma.ashdown31@example.com,(216) 555-0136,,ADR-000513,,,2024-12-08,mass,email
CUS-00335,Zadie Abernathy,Zadie,1994,zadie.abernathy99@example.org,(718) 555-0127,,ADR-000514,,,2017-09-16,mass,email
CUS-00336,Dashiell Fairchild,Dashiell,1980,dashiell.fairchild69@example.net,(617) 555-0123,,ADR-000515,,,2022-05-27,mass,app
CUS-00337,Valen Stirling,Valen,1979,valen.stirling17@example.org,(213) 555-0131,,ADR-000516,,,2009-04-24,mass,app
CUS-00338,Ezra Crowe,Ezra,1962,ezra.crowe47@example.org,(206) 555-0129,,ADR-000517,,,2012-07-07,mass,app
CUS-00339,Zadie Jessup,Zadie,1987,zadie.jessup67@example.com,(614) 555-0162,,ADR-000518,Cobalt Ridge Health,ADR-000519,2014-10-03,mass,phone
CUS-00340,Ezra Greenhalgh,Ezra,1976,ezra.greenhalgh71@example.org,(213) 555-0132,,ADR-000520,Juniper Civic Services,ADR-000521,2024-02-17,mass,phone
CUS-00341,Ines Jessup,Ines,1951,ines.jessup57@example.com,(614) 555-0163,,ADR-000522,Silverpine Logistics,ADR-000523,2018-09-26,mass,app
CUS-00342,Soren Thorne,Soren,1983,soren.thorne82@example.org,(412) 555-0121,,ADR-000524,Juniper Civic Services,ADR-000525,2014-04-04,mass,app
CUS-00343,Remy Valdivia,Remy,2000,remy.valdivia79@example.net,(206) 555-0130,,ADR-000526,Bluestem Insurance,ADR-000527,2025-07-18,mass,email
CUS-00344,Briar Quillon,Briar,1954,briar.quillon22@example.org,(303) 555-0125,,ADR-000528,Silverpine Logistics,ADR-000529,2021-10-22,mass,phone
CUS-00345,Lior Zeller,Lior,1955,lior.zeller77@example.org,(718) 555-0128,,ADR-000530,,,2026-06-11,mass,phone
CUS-00346,Sasha Eversole,Sasha,1967,sasha.eversole55@example.org,(303) 555-0126,,ADR-000531,Tern & Finch Legal,ADR-000532,2013-03-02,mass,app
CUS-00347,Pax Pemberton,Pax,1973,pax.pemberton23@example.net,(614) 555-0164,,ADR-000533,,,2025-12-23,private,app
CUS-00348,Vesper Holloway,Vesper,1972,vesper.holloway35@example.net,(213) 555-0133,,ADR-000534,Carver Design Studio,ADR-000535,2011-01-01,mass,email
CUS-00349,Kiran Underhill,Kiran,1961,kiran.underhill37@example.com,(303) 555-0127,,ADR-000536,,,2012-07-07,premium,email
CUS-00350,Wren Okonjo,Wren,1948,wren.okonjo5@example.com,(614) 555-0165,,ADR-000537,Juniper Civic Services,ADR-000538,2024-05-25,mass,email
CUS-00351,Xiomara Janowski,Xiomara,1954,xiomara.janowski24@example.org,(512) 555-0128,,ADR-000539,,,2022-12-06,mass,phone
CUS-00352,Cleo Janowski,Cleo,1964,cleo.janowski37@example.com,(512) 555-0129,,ADR-000539,,,2024-04-26,private,phone
CUS-00353,Briar Nakashima-Hale,Briar,1999,briar.nakashimahale85@example.net,(718) 555-0129,,ADR-000540,Juniper Civic Services,ADR-000541,2011-09-28,mass,app
CUS-00354,Bastian Ibarra-Lund,Bastian,2000,bastian.ibarralund17@example.org,(412) 555-0122,,ADR-000542,,,2022-07-12,mass,phone
CUS-00355,Arlo Ibarra-Lund,Arlo,1984,arlo.ibarralund4@example.net,(412) 555-0123,,ADR-000542,Silverpine Logistics,ADR-000543,2024-08-27,private,phone
CUS-00356,Oakley Northcott,Oakley,2003,oakley.northcott1@example.net,(614) 555-0166,,ADR-000544,Helix Analytics,ADR-000545,2011-10-06,mass,email
CUS-00357,Soren Holloway,Soren,1951,soren.holloway94@example.com,(412) 555-0124,,ADR-000546,Helix Analytics,ADR-000547,2024-02-13,mass,phone
CUS-90001,Marlo Eversole,Marlo,1954,marlo.eversole99@example.net,(614) 555-0167,,ADR-90001,Meridian Freight Co,ADR-000548,2019-03-11,mass,app
CUS-90002,Hollis Marchetti,Hollis,2001,hollis.marchetti4@example.com,(617) 555-0124,,ADR-90002,Helix Analytics,ADR-000549,2016-05-02,mass,email
CUS-90003,Idris Coldiron,Idris,2001,idris.coldiron80@example.net,(512) 555-0130,,ADR-90003,,,2014-08-19,mass,email
CUS-90004,Remy Achebe-Lowe,Remy,1965,remy.achebelowe50@example.org,(412) 555-0125,,ADR-90004,,,2012-02-10,premium,phone
CUS-90005,Delphine Osei-Grant,Delphine,2003,delphine.oseigrant71@example.org,(312) 555-0136,,ADR-90005,Rivermark Clinic,ADR-000550,2015-10-01,private,app
CUS-90006,Soren Valdivia,Soren,1973,soren.valdivia35@example.com,(303) 555-0128,,ADR-90006,Meridian Freight Co,ADR-000551,2020-02-14,premium,app
CUS-90007,Anouk Brightwater,Anouk,1975,anouk.brightwater47@example.com,(206) 555-0131,,ADR-90007,,,2011-06-30,mass,email
CUS-90008,Cyrus Northcott,Cyrus,1972,cyrus.northcott18@example.org,(216) 555-0137,,ADR-90008,Northgate Schools,ADR-000552,2026-09-24,mass,email
CUS-90009,Kiran Tamura-Bell,Kiran,1993,kiran.tamurabell80@example.net,(213) 555-0134,,ADR-90009,,,2021-04-07,mass,email
CUS-90010,Wren Galloway-Chen,Wren,1996,wren.gallowaychen90@example.com,(614) 555-0168,,ADR-90010,Cobalt Ridge Health,ADR-000553,2013-09-01,premium,phone
CUS-90011,Jules Galloway-Chen,Jules,1997,jules.gallowaychen82@example.org,(614) 555-0169,,ADR-90010,,,2016-02-01,mass,phone
CUS-90012,Rowan Okonkwo-Bell,Rowan,1951,rowan.okonkwobell15@example.net,(718) 555-0190,,ADR-90012,Tern & Finch Legal,ADR-000554,2017-05-22,mass,app
CUS-90013,Teagan Northweave,Teagan,1972,teagan.northweave96@example.net,(614) 555-0181,,ADR-90013,Brightline Staffing,ADR-000555,2026-03-10,mass,email
CUS-90014,Pax Lockridge,Pax,1965,pax.lockridge21@example.net,(614) 555-0182,(614) 555-0188,ADR-90014,Brightline Staffing,ADR-000556,2026-04-02,mass,email
CUS-90015,Yael Sutcliffe,Yael,1988,yael.sutcliffe65@example.com,(614) 555-0183,,ADR-90015,Brightline Staffing,ADR-000557,2026-04-20,premium,phone
CUS-90016,Nico Wexford,Nico,1952,nico.wexford29@example.com,(614) 555-0184,(614) 555-0188,ADR-90016,Brightline Staffing,ADR-000558,2026-05-11,premium,email
CUS-90017,Bellamy Okonjo,Bellamy,1981,bellamy.okonjo48@example.net,(614) 555-0170,,ADR-90017,Northgate Schools,ADR-000559,2014-07-15,premium,email
CUS-90018,Ezra Holloway,Ezra,1987,ezra.holloway34@example.org,(617) 555-0125,,ADR-90018,Tern & Finch Legal,ADR-000560,2018-01-08,mass,email
CUS-90019,Linden Crowe,Linden,1970,linden.crowe69@example.net,(213) 555-0135,,ADR-90019,,,2010-03-03,mass,app
CUS-90020,Freya Janowski,Freya,1964,freya.janowski75@example.org,(512) 555-0131,,ADR-90020,Carver Design Studio,ADR-000561,2018-09-09,private,email
CUS-90021,Imani Kowalczyk,Imani,1985,imani.kowalczyk99@example.net,(312) 555-0137,,ADR-90021,Cobalt Ridge Health,ADR-000562,2019-12-01,mass,app
CUS-90022,Zadie Ravensworth,Zadie,1965,zadie.ravensworth13@example.org,(303) 555-0129,,ADR-90022,,,2009-05-05,mass,app
CUS-90023,Oakley Stirling,Oakley,1983,oakley.stirling54@example.org,(206) 555-0132,,ADR-90023,,,2017-04-04,mass,email
CUS-90024,Arlo Greenhalgh,Arlo,1980,arlo.greenhalgh45@example.com,(614) 555-0171,,ADR-90024,,,2016-11-11,mass,phone
