device_id,device_type,os,hardware_id,device_fingerprint,first_seen,observed_primary_customer_id
DEV-000001,phone,Android 16,352486529615533,fp_ae2a5720161fd34b7182fe1068c082ea78b18cf2,2016-01-11,CUS-00001
DEV-000002,phone,iOS 19.4,356979705240959,fp_9b007209a9a3a72dc743add69d457521c6d27370,2025-06-22,CUS-00002
DEV-000003,laptop,macOS 16.2,,fp_0cb35b8dd8f96bea93c6c355823f4699ce629da8,2025-06-22,CUS-00002
DEV-000004,phone,Android 16,357518553454464,fp_00f4713ffc18f50281fcac4b225e0a9e5018ac3e,2022-04-23,CUS-00003
DEV-000005,phone,Android 16,358215472771791,fp_6dcdfb8938827d3f2832245272851a905dc663a6,2018-08-16,CUS-00004
DEV-000006,phone,iOS 19.4,358053880148661,fp_9e7fa941d7f39d676a1b71004b359b85449eef0c,2009-11-01,CUS-00005
DEV-000007,laptop,Windows 11 24H2,,fp_85d25d20e6e7fbd6abcc11eb97ee1394fc3eafdc,2009-11-01,CUS-00005
DEV-000008,phone,iOS 19.4,355854016970399,fp_02637b6aa088b1d6055633994e19f3caa22ffe31,2020-05-14,CUS-00006
DEV-000009,laptop,macOS 16.2,,fp_688ae2fe0169737aa15f000d14b21344e007c732,2020-05-14,CUS-00006
DEV-000010,phone,Android 16,358535803927722,fp_10360186bfcb7dd488fede99e3028b04cf5b2359,2011-05-02,CUS-00007
DEV-000011,laptop,Windows 11 24H2,,fp_40d2abbc6d2aab3ec93874539a8542fd7143f44c,2011-05-02,CUS-00007
DEV-000012,phone,Android 16,352583438196988,fp_7ddbd77d35832ae83a607694e8c358f10eed9df5,2019-11-19,CUS-00008
DEV-000013,laptop,Windows 11 24H2,,fp_930a45a67dcd26c0e0f18dbdc6eb292c3597b0d9,2019-11-19,CUS-00008
DEV-000014,tablet,iPadOS 19.4,,fp_6d1db54d20d357770e695497e06bfb7b4ea3aa18,2019-11-19,CUS-00008
DEV-000015,phone,iOS 19.4,352127842552663,fp_0325a7ec9b1e78ac24b10fd7e9d5d772085043a4,2021-03-23,CUS-00009
DEV-000016,phone,iOS 19.4,356432879027879,fp_2a13fe48eb817d972432262c72d4ef6f71358b5f,2024-08-24,CUS-00010
DEV-000017,tablet,iPadOS 19.4,,fp_1f6c60b5de596bfe89e83846413c05c5f01881de,2024-08-24,CUS-00010
DEV-000018,phone,Android 16,359309940991424,fp_3b607f8d531f14a13bc7580a58c8508493cd88a3,2025-06-19,CUS-00011
DEV-000019,phone,Android 16,359848077296437,fp_ad512b37828c0baadce232ef3e6ff6957ae7aa81,2017-08-18,CUS-00012
DEV-000020,laptop,macOS 16.2,,fp_5bbed977889dfccf14f5981d8c0441f0219d4246,2017-08-18,CUS-00012
DEV-000021,phone,Android 16,351916766045696,fp_e26223d8b78ab3dc604a4bde9cda5e63da2ee466,2011-07-11,CUS-00013
DEV-000022,laptop,macOS 16.2,,fp_e1d1b50fb55d308364df977c9ae08d3384e28363,2011-07-11,CUS-00013
DEV-000023,phone,Android 16,353621410618327,fp_4fd8f354c4d73799275bfb00389e749f57d1d7ef,2020-03-24,CUS-00014
DEV-000024,phone,iOS 19.4,351686228200429,fp_2295695c1ce0ef9769a914b5d437a1c04dd0df42,2018-12-18,CUS-00015
DEV-000025,laptop,macOS 16.2,,fp_a2a4fa7e49dbaf486c48fd2e3be6c157dc91fcfe,2018-12-18,CUS-00015
DEV-000026,phone,Android 16,352677039549373,fp_7da63e3ce868222e1bb6daec19b86b3866f84ec2,2015-07-28,CUS-00016
DEV-000027,laptop,macOS 16.2,,fp_18b9f6a5c223c0d7bc59a6833d7f7409b667851c,2015-07-28,CUS-00016
DEV-000028,phone,Android 16,357061316058829,fp_44adcb94f82830ab6e8c355e7802434c7be663e6,2010-11-15,CUS-00017
DEV-000029,phone,iOS 19.4,358745222429908,fp_9c8bbdc8dd7f22790e4dc928c0b57ad78980bebd,2022-06-12,CUS-00018
DEV-000030,laptop,macOS 16.2,,fp_8550610a1ef1f63e2abe3fadf5ebd7036b721904,2022-06-12,CUS-00018
DEV-000031,phone,Android 16,355878012250407,fp_28f305754d2ada28628697b699dc59de218beefe,2023-01-01,CUS-00019
DEV-000032,laptop,Windows 11 24H2,,fp_1244308197306eadfe3fca83a82d1111ef02160e,2023-01-01,CUS-00019
DEV-000033,phone,Android 16,352683801353131,fp_2b481d18dc022d4493a204bcae327f778bdb2c6c,2021-11-22,CUS-00020
DEV-000034,laptop,macOS 16.2,,fp_7bbe61e690521e45c8e35a677e3d35dd39115017,2021-11-22,CUS-00020
DEV-000035,phone,Android 16,359537561307414,fp_ccd18f7b0f271e657ebfb5bec13a1be791f3db25,2023-07-06,CUS-00021
DEV-000036,laptop,Windows 11 24H2,,fp_861ce59e544b7ce504b9d55a30a6d229f1093022,2023-07-06,CUS-00021
DEV-000037,tablet,iPadOS 19.4,,fp_522d04a39312cc4a62e07b1c00a37e05e9fc94ad,2023-07-06,CUS-00021
DEV-000038,phone,Android 16,352074493669287,fp_c9d16cded548f88f7e00621a48e1169cad24fb45,2025-08-01,CUS-00022
DEV-000039,phone,iOS 19.4,355741981344945,fp_90f8fa75efb043d77096845cc674d06b8304456d,2023-06-28,CUS-00023
DEV-000040,tablet,Android 16,,fp_21d82a1c803d34948ffa718b3c18fbd9895fe731,2023-06-28,CUS-00023
DEV-000041,phone,iOS 19.4,356003310440746,fp_cfef362196917cdbc09bde9a402823f8fcc41533,2025-09-10,CUS-00024
DEV-000042,phone,Android 16,355497358914194,fp_8c4c7c4b8483ed68a97e9fca39e1b849450fdeae,2019-11-05,CUS-00025
DEV-000043,laptop,Windows 11 24H2,,fp_cde3a93ee60d94e3b676b2ccd5ee836dc07288c9,2019-11-05,CUS-00025
DEV-000044,phone,Android 16,358145105372471,fp_113ac9611274f942609f85005a69281a73c3daf2,2015-01-06,CUS-00026
DEV-000045,laptop,Windows 11 24H2,,fp_e76e612f538320ccda3a34fcb1f141c4ba37ee3a,2015-01-06,CUS-00026
DEV-000046,phone,Android 16,357856905534762,fp_a7526de7a68df6f103160df06cb057aeae5ad667,2024-05-15,CUS-00027
DEV-000047,laptop,macOS 16.2,,fp_b36507c2f567dd08cb6eda72c455f4cf948447f2,2024-05-15,CUS-00027
DEV-000048,phone,Android 16,355659371070668,fp_5f5a346b275fcd4a8936344f1891959cbebfd3d5,2023-08-12,CUS-00028
DEV-000049,laptop,macOS 16.2,,fp_e12e8f8b838c7e1c9e615ae623572c549b8a6409,2023-08-12,CUS-00028
DEV-000050,phone,Android 16,355342870114495,fp_c51230cd05193a3cd415a5a8423d1f57b47bddbb,2026-01-12,CUS-00029
DEV-000051,laptop,macOS 16.2,,fp_25d9c49ee06a1f8f3f80085c0ae2025569bacf28,2026-01-12,CUS-00029
DEV-000052,phone,iOS 19.4,352666666082707,fp_b3ec84bfe185b81cf26785843bbbb9cbf6b7a1ae,2020-02-28,CUS-00030
DEV-000053,laptop,macOS 16.2,,fp_427c7c25013adc4bb785dda872c7ab09b37839b6,2020-02-28,CUS-00030
DEV-000054,phone,iOS 19.4,351199854654479,fp_731a367e1d127f8f8976605112c3aa14db7efebc,2017-07-06,CUS-00031
DEV-000055,laptop,Windows 11 24H2,,fp_bc78db578a41bac951c3ec66dd968943bc389d92,2017-07-06,CUS-00031
DEV-000056,phone,iOS 19.4,351862038745537,fp_899b9eefa97134f9c337c43429c95e96e0a07e56,2019-11-28,CUS-00032
DEV-000057,laptop,macOS 16.2,,fp_ec228b344f939ff748411728058b9b6c65549ad7,2019-11-28,CUS-00032
DEV-000058,phone,Android 16,358260803497297,fp_8fe5e54c39038b37dbd913911c01f44d9f709d6b,2014-02-26,CUS-00033
DEV-000059,laptop,macOS 16.2,,fp_b3a1afe3a63d3f8349975cb8b0af707e1f5bcde5,2014-02-26,CUS-00033
DEV-000060,phone,Android 16,355986417802281,fp_90d8ef7a31371702ac4eced80250192da299bf4f,2023-06-22,CUS-00034
DEV-000061,laptop,Windows 11 24H2,,fp_e800430918a3c98ff8fa85ac0ad483a2b442ddf0,2023-06-22,CUS-00034
DEV-000062,phone,Android 16,352580799373179,fp_84a842acb17b2c9ed76268a20407f38587e11dce,2008-10-19,CUS-00035
DEV-000063,laptop,macOS 16.2,,fp_28d6e4372dad9769c9e9fc1d1983018b265aeddb,2008-10-19,CUS-00035
DEV-000064,phone,Android 16,354328527324689,fp_c9ac6274c1cda62251ffed126e5bd00202fd51a7,2023-11-26,CUS-00036
DEV-000065,laptop,macOS 16.2,,fp_89a1fdd4863a03b125cb15d578105b1d0fd46ca0,2023-11-26,CUS-00036
DEV-000066,phone,Android 16,355513129009504,fp_ec673de4c1fe8d9230f5e3c05fe9261c57ce190c,2019-06-18,CUS-00037
DEV-000067,phone,iOS 19.4,358836598284630,fp_b899bc638b15246c1ed0c3398180fd4284fe5765,2013-10-14,CUS-00038
DEV-000068,laptop,macOS 16.2,,fp_1fe3c4b5a95592717e0e867d9764731a6d0a0da2,2013-10-14,CUS-00038
DEV-000069,phone,Android 16,356029195085434,fp_e6b889ef477cb9e6a334cae62fde5d3e2c15543b,2016-03-13,CUS-00039
DEV-000070,laptop,macOS 16.2,,fp_7b57d24550b91cd7f79690c62fec00eb1b37e167,2016-03-13,CUS-00039
DEV-000071,phone,Android 16,351962938588804,fp_4802f421238d798144e29a9598a3ebae76f06c51,2010-06-04,CUS-00040
DEV-000072,laptop,macOS 16.2,,fp_697c4f33f851c90af1fd6864ef6502f89a0dfae5,2010-06-04,CUS-00040
DEV-000073,phone,iOS 19.4,357927778545953,fp_f5706d1214e087234331fc0937136be79f4897d9,2024-03-16,CUS-00041
DEV-000074,laptop,macOS 16.2,,fp_d9a03d4ea61711073eafe72fce3bb70b2cae2bca,2024-03-16,CUS-00041
DEV-000075,phone,iOS 19.4,353417792075490,fp_66ba2a71631e772ccf4ebba523a1e6086eeee48a,2017-06-03,CUS-00042
DEV-000076,tablet,iPadOS 19.4,,fp_a9c978eef77723367a8e9712a8bd726df0e467a7,2017-06-03,CUS-00042
DEV-000077,phone,iOS 19.4,354665458182568,fp_d4a9e5ee0a6627b5f556707dc5233c621e1769a9,2017-09-09,CUS-00043
DEV-000078,phone,Android 16,355423653298237,fp_559303e1c606206b96ce4bf050975365ac560334,2011-09-11,CUS-00044
DEV-000079,laptop,macOS 16.2,,fp_39de3f1ac2dea330f7532123e247bb05d27687cb,2011-09-11,CUS-00044
DEV-000080,phone,Android 16,358764587181988,fp_21c006c2fb0279c0b84ce7271c0dac1c3025569f,2024-03-10,CUS-00045
DEV-000081,laptop,Windows 11 24H2,,fp_cd1ee6d7d7b582fb5e0a1f619a73db3b2be7f3d8,2024-03-10,CUS-00045
DEV-000082,phone,Android 16,357327028994859,fp_db9d4983dd2471956cbb1560cd9ac711424a346f,2014-05-02,CUS-00046
DEV-000083,phone,Android 16,358174074734282,fp_d1c9b8b4b09293d90c270d507156e8dcc61b3795,2026-04-18,CUS-00047
DEV-000084,laptop,macOS 16.2,,fp_0dc5505f77f7b4e8620615a18080186b806ade9d,2026-04-18,CUS-00047
DEV-000085,phone,iOS 19.4,356496337938082,fp_088e5e962d02c301fcf8396ebc4770c0f6d367f7,2024-09-17,CUS-00048
DEV-000086,phone,Android 16,355726183143699,fp_ff1a3615f1b690f6039f65f6dd125b2f555dbdcb,2010-06-03,CUS-00049
DEV-000087,laptop,macOS 16.2,,fp_9dc94ff1dd439fee9808771a3cafcc5b7170f4bb,2010-06-03,CUS-00049
DEV-000088,phone,iOS 19.4,355511170206944,fp_c06957c0641d48e6f7c121f2c44f95efeed9a57c,2024-09-03,CUS-00050
DEV-000089,laptop,Windows 11 24H2,,fp_87aad8b3cd9eb698b5bb6f2b95be383bbac9cec6,2024-09-03,CUS-00050
DEV-000090,phone,Android 16,352503577713801,fp_08e74e6415fae0ce193ab62b6f72d6b47bf38e4f,2023-02-17,CUS-00051
DEV-000091,laptop,macOS 16.2,,fp_0640952abdb5545ad34dcbf40156828037c52ce7,2023-02-17,CUS-00051
DEV-000092,tablet,iPadOS 19.4,,fp_8cd4ba3412bf3744e8f8a8c9393d763902ef282c,2023-02-17,CUS-00051
DEV-000093,phone,iOS 19.4,352655697440758,fp_31693b3b36da9261f4dadf1a7bf69ed9d6aee2ff,2025-07-18,CUS-00052
DEV-000094,phone,iOS 19.4,354225799423058,fp_b280cfc441bc61cb1a65ccc946927d64ed389856,2011-04-26,CUS-00053
DEV-000095,phone,iOS 19.4,356408745470461,fp_635e3d61f54da4939f9480a4709de9b02da3f5aa,2013-08-01,CUS-00054
DEV-000096,laptop,Windows 11 24H2,,fp_686f31f4e532d60edd1ffe409a579ba7c4aa5fc7,2013-08-01,CUS-00054
DEV-000097,phone,Android 16,357922245123655,fp_b9ed601896fc0dd85b909a8ebc5b71a697de1cfc,2023-11-13,CUS-00055
DEV-000098,phone,iOS 19.4,351843379395240,fp_a7021d3ac5b46004f8db3c586bb19d858027ab82,2020-09-17,CUS-00056
DEV-000099,phone,Android 16,357793439134286,fp_301c6306d1cc9a89e520d18991907d08dbfe207d,2020-12-02,CUS-00057
DEV-000100,phone,iOS 19.4,354535304541659,fp_47e0f96ee3bb0ab1aa12c5acdda92a7a678e7577,2025-12-24,CUS-00058
DEV-000101,laptop,Windows 11 24H2,,fp_00ac648e9d89eb3b7d89ffc60e8f8982e3228a16,2025-12-24,CUS-00058
DEV-000102,phone,Android 16,354565381748428,fp_7e9beddc3aa23d10342d79aa399c638c0f276ad8,2021-09-15,CUS-00059
DEV-000103,laptop,macOS 16.2,,fp_9b24b812976b5220f5386e0a3f49f6d43fc71ada,2021-09-15,CUS-00059
DEV-000104,phone,Android 16,352467203619513,fp_4a3b915167ddb95bf2d71aa95e6fa15d284ef0fc,2012-08-22,CUS-00060
DEV-000105,phone,iOS 19.4,358292088744295,fp_02cce02d1e9bc45762e539be5d884d937d7c4838,2014-07-07,CUS-00061
DEV-000106,laptop,macOS 16.2,,fp_d86bdb25e8ac51a0b32dc52ab8b9d91d042d6578,2014-07-07,CUS-00061
DEV-000107,phone,iOS 19.4,354641312770079,fp_6f8a9be9e1a8c2b2133b229626fc12d07aeb346c,2013-04-18,CUS-00062
DEV-000108,laptop,Windows 11 24H2,,fp_0322cb5d7f4bfa4a9954284f0eeab573668bb364,2013-04-18,CUS-00062
DEV-000109,phone,iOS 19.4,354311273898322,fp_54fc89be977e3edf27ccd214c8f7ca97cea7e3e6,2023-06-18,CUS-00063
DEV-000110,laptop,Windows 11 24H2,,fp_c0be4810cc17d5e99d05b0950001bad7147e9133,2023-06-18,CUS-00063
DEV-000111,phone,iOS 19.4,351267989141920,fp_8e2808ecc9da83c2ed1cfec4d1c1c4305950edc1,2023-02-04,CUS-00064
DEV-000112,phone,Android 16,355126120399662,fp_a7dfb9ab1317480d67d1668a163adeef4eef2dc9,2011-02-26,CUS-00065
DEV-000113,laptop,macOS 16.2,,fp_500fcf2221f50e200e3706f62189cb99baa8d1df,2011-02-26,CUS-00065
DEV-000114,phone,Android 16,352451661040910,fp_f209ac05073184c88c0a71a26d162f9d30bf3712,2021-12-22,CUS-00066
DEV-000115,laptop,Windows 11 24H2,,fp_7702a61d27f99977435b5d5afa14a545cb987fe5,2021-12-22,CUS-00066
DEV-000116,phone,iOS 19.4,358046995459217,fp_cbfe717be43d334052237619aa76da53c9303308,2021-10-19,CUS-00067
DEV-000117,laptop,Windows 11 24H2,,fp_0bceb5288a221a88952100088925064613c84d14,2021-10-19,CUS-00067
DEV-000118,tablet,Android 16,,fp_9854ce66bfa6f4612b780e3b34db459f9f53f79b,2021-10-19,CUS-00067
DEV-000119,phone,Android 16,354753243686232,fp_83a5edd9602457f1588dba4796f0185d56f22d0d,2023-07-04,CUS-00068
DEV-000120,phone,Android 16,358488824713257,fp_9d052c0d4f551f39b83b1887e4e541ff2fdd8477,2016-01-25,CUS-00069
DEV-000121,phone,Android 16,353764771233378,fp_43155d967c37bebe848610b3e57f6d8256111f3b,2025-07-04,CUS-00070
DEV-000122,laptop,macOS 16.2,,fp_bd86e90e5c4dc5fcb2b87904d86d4529bd9bcc66,2025-07-04,CUS-00070
DEV-000123,phone,Android 16,354086806538477,fp_f3bd97fdb3b1f0d7c94a5aa57254fecee7c32dfc,2018-11-13,CUS-00071
DEV-000124,laptop,macOS 16.2,,fp_a3c2186b185e556bb4ce9b3519c74e7d65c9d062,2018-11-13,CUS-00071
DEV-000125,phone,Android 16,351132245939671,fp_c0d8f4c6486b62648d3feed16e465540ec769290,2018-08-19,CUS-00072
DEV-000126,laptop,Windows 11 24H2,,fp_4adef14d7190c96ae74bf94392572a84eb8a1453,2018-08-19,CUS-00072
DEV-000127,phone,iOS 19.4,356906040739593,fp_c0bc78320158b90c36f86e267785624f89055305,2025-07-11,CUS-00073
DEV-000128,laptop,Windows 11 24H2,,fp_907ee231940be3383f4c77334ebf250d07f5ea67,2025-07-11,CUS-00073
DEV-000129,phone,Android 16,357558764681574,fp_88c64318482c40805b19321c2d9c5bba59c26b86,2017-11-01,CUS-00074
DEV-000130,laptop,Windows 11 24H2,,fp_5f05323817f9fcc521622a44aff759bb974527ca,2017-11-01,CUS-00074
DEV-000131,phone,Android 16,352987614473261,fp_498dfa99b9aabd22ecd8c5034ba3676d2b5b8cde,2025-07-16,CUS-00075
DEV-000132,laptop,Windows 11 24H2,,fp_94477d29a99df4de85de7843bfacc87ee9652a24,2025-07-16,CUS-00075
DEV-000133,tablet,iPadOS 19.4,,fp_913a3866c64e6d556106abdb069e3a1fa1e61718,2025-07-16,CUS-00075
DEV-000134,phone,iOS 19.4,357177262434714,fp_0f182887fa4d9d5ebf1727f3b3bbf83ff3ab7e28,2025-07-16,CUS-00076
DEV-000135,phone,Android 16,354434506827100,fp_3d807c8fdc3aaf935317db0e220ad57a6c3789b1,2019-04-22,CUS-00077
DEV-000136,laptop,macOS 16.2,,fp_0cba06b2fbc2aafe722534b973f2acbce03bc444,2019-04-22,CUS-00077
DEV-000137,phone,iOS 19.4,354284537662082,fp_0d092c2a3547cd519f4e7a3a04819710442d9185,2026-06-23,CUS-00078
DEV-000138,laptop,Windows 11 24H2,,fp_14c3e0ce6f2847d22424aa129c650e1209cd650e,2026-06-23,CUS-00078
DEV-000139,phone,iOS 19.4,356475776444768,fp_201ff9f02e7a7ca60892f03283f3b208467cd970,2026-03-22,CUS-00079
DEV-000140,phone,iOS 19.4,358127644632729,fp_b88be80ddf0a2c843f0e96203bdf2e97ac126822,2013-03-22,CUS-00080
DEV-000141,laptop,Windows 11 24H2,,fp_ebe3caa23cad35d97a45c5445a0ad87b03c3e6f4,2013-03-22,CUS-00080
DEV-000142,phone,iOS 19.4,354104750350769,fp_1fa09dc9f891cd28e99244a206db323051de27d7,2019-07-04,CUS-00081
DEV-000143,laptop,Windows 11 24H2,,fp_076a1c046724341b477a28133f6aa1d8a8226758,2019-07-04,CUS-00081
DEV-000144,tablet,iPadOS 19.4,,fp_54c8e8e677be3a3318487471dc7732587bdd0bfd,2019-07-04,CUS-00081
DEV-000145,phone,Android 16,353693504889676,fp_cc42b36d47befc628239b2e5dc52994e1102f3e3,2021-09-08,CUS-00082
DEV-000146,phone,iOS 19.4,354016589957251,fp_e9c5682a88bc60343c84f21cb731c104c45ba169,2024-01-15,CUS-00083
DEV-000147,phone,iOS 19.4,351036240668577,fp_0f586e718c4b0d0be7ad311f262cb61f8a481db2,2020-02-24,CUS-00084
DEV-000148,laptop,Windows 11 24H2,,fp_2efa18b72e4df6f9842277b2c2b56567206ef66f,2020-02-24,CUS-00084
DEV-000149,phone,iOS 19.4,359321271167550,fp_893c54e654f6ce908c0edb41a6819f7c849d945c,2016-06-18,CUS-00085
DEV-000150,phone,Android 16,355219576819875,fp_14ef3692a0eaba500c45b0763c6899e6a5402e56,2021-01-18,CUS-00086
DEV-000151,laptop,Windows 11 24H2,,fp_e4dcd856a62fbd818de9e86a58452d20f942d51b,2021-01-18,CUS-00086
DEV-000152,phone,Android 16,356946137026373,fp_8470a320255b694c52bbefd3262ec27d161065ef,2025-12-22,CUS-00087
DEV-000153,phone,Android 16,359653981326895,fp_80200d6d9f16a6352c08c13b252b8afc3f64415a,2011-12-05,CUS-00088
DEV-000154,laptop,macOS 16.2,,fp_303d90e788924dfab046e861cb263c756a26eafe,2011-12-05,CUS-00088
DEV-000155,phone,iOS 19.4,358764974411226,fp_ad284c189689da07a8c2a0c3067beff5bd88e417,2024-02-08,CUS-00089
DEV-000156,laptop,macOS 16.2,,fp_b59cf80821c69f3c4ba7fb3a5fca8094c3be6bb3,2024-02-08,CUS-00089
DEV-000157,phone,Android 16,357978498424940,fp_d6be5368d042e98f636b135ae6176ec7ad80bdd0,2015-07-17,CUS-00090
DEV-000158,laptop,macOS 16.2,,fp_efcf601d5e789bb5e35a190228d00ce210a8f9ad,2015-07-17,CUS-00090
DEV-000159,phone,Android 16,352781919003591,fp_0c789f6f74caa920718ac1808dafa158c9450484,2024-06-08,CUS-00091
DEV-000160,laptop,Windows 11 24H2,,fp_457d1287ec7fbff6bf0f2b01197af93d40591618,2024-06-08,CUS-00091
DEV-000161,phone,iOS 19.4,356006631553229,fp_467cd48240d327ede92c552136464ab1f72f0a79,2014-02-14,CUS-00092
DEV-000162,laptop,macOS 16.2,,fp_630ed6d32a3cdd00f51e725ca947b547ff24cc3c,2014-02-14,CUS-00092
DEV-000163,phone,Android 16,357385811275026,fp_cfde1a2213f8e94145330647cfb12ba96fd3ec9c,2024-02-23,CUS-00093
DEV-000164,phone,Android 16,354549142988296,fp_3a03e4ca4bcdb52e46d1f24e5fdb6a5e33f4a4c3,2008-04-16,CUS-00094
DEV-000165,laptop,Windows 11 24H2,,fp_8247aff63b9755909df81eb2dc56b7b8052e6899,2008-04-16,CUS-00094
DEV-000166,phone,iOS 19.4,359450438723971,fp_c678a7a5cf8c2bf7ecc1e94008372e5d67e04293,2016-07-19,CUS-00095
DEV-000167,phone,Android 16,357394448691226,fp_173b2211c7485d71f03393594d285934c80d7702,2013-04-08,CUS-00096
DEV-000168,laptop,Windows 11 24H2,,fp_d165b33be2fcbe85edf355a64661eac7fe1ad9f7,2013-04-08,CUS-00096
DEV-000169,phone,iOS 19.4,352147826536770,fp_c161318ba57455f4553fef8bd4af8e7eeca50665,2024-07-11,CUS-00097
DEV-000170,laptop,Windows 11 24H2,,fp_5038121ed99462b2efa26913bfc3747dfef9bf07,2024-07-11,CUS-00097
DEV-000171,phone,iOS 19.4,355744654005869,fp_6c11ddb2872c75e6acd3809ee8e398820ad1da89,2018-11-04,CUS-00098
DEV-000172,laptop,macOS 16.2,,fp_e88a2a5d56d4a2825521d0a39eaed7b7e2b3d1a6,2018-11-04,CUS-00098
DEV-000173,phone,iOS 19.4,354633890758812,fp_8525c05a941f4d05e973a85f7008265863c764f5,2012-09-12,CUS-00099
DEV-000174,laptop,Windows 11 24H2,,fp_b7d6b2dd51e7f53bae0f1b685582f024a449dd21,2012-09-12,CUS-00099
DEV-000175,phone,iOS 19.4,358581133383218,fp_1428e474bd0eb4fcb210e9dd8085983f238b21f9,2017-09-07,CUS-00100
DEV-000176,laptop,macOS 16.2,,fp_7e8bc7f60a129c9b57597b1c7dfdb3ecddffbba5,2017-09-07,CUS-00100
DEV-000177,phone,iOS 19.4,359386094865090,fp_41c60c2d353306677bb63a085661a3d29d45a819,2011-09-07,CUS-00101
DEV-000178,laptop,Windows 11 24H2,,fp_aac0ad97352edc02e48c1fa1d605cdc33ab29184,2011-09-07,CUS-00101
DEV-000179,phone,Android 16,357043090123147,fp_517a73e5e338d2c0685f2e5cf159f7e1315413d3,2022-11-22,CUS-00102
DEV-000180,laptop,Windows 11 24H2,,fp_0b62b7be4fd54c49f6bb94e6ffc3fb5a5f6a621a,2022-11-22,CUS-00102
DEV-000181,phone,iOS 19.4,351592251366412,fp_5a7777fc3031680cb0782554966b8b957e5911b7,2023-02-07,CUS-00103
DEV-000182,laptop,Windows 11 24H2,,fp_ad130ce054e45c98bf2cbcef589bfd204921ce62,2023-02-07,CUS-00103
DEV-000183,phone,iOS 19.4,359097582641182,fp_d2757a7ff8a6a8499b8abe5187277165b42bf254,2017-02-23,CUS-00104
DEV-000184,phone,iOS 19.4,357330189214617,fp_82127fbabb22a598c49d3274a8e428a72875bf72,2009-11-19,CUS-00105
DEV-000185,phone,iOS 19.4,359926245163137,fp_bf56d90a49a7d9b9f8a0fea5abc4a86d2c15ddac,2026-06-07,CUS-00106
DEV-000186,laptop,macOS 16.2,,fp_1839970aabbe8bae018d7c3f8147cf1f5390dc15,2026-06-07,CUS-00106
DEV-000187,phone,Android 16,357747524363956,fp_f38d5f4355e0eae523654d314d714915bac10d6b,2021-02-17,CUS-00107
DEV-000188,laptop,Windows 11 24H2,,fp_a8ac6619e48827b8ee7dfb4c7001cd287386f30a,2021-02-17,CUS-00107
DEV-000189,tablet,iPadOS 19.4,,fp_c84d8d829ae3af9f2c63baae0cad461095fee2f6,2021-02-17,CUS-00107
DEV-000190,phone,Android 16,354874521649912,fp_b02d04784704c6edcd9e41d7e6104b90a15c677c,2023-05-07,CUS-00108
DEV-000191,phone,iOS 19.4,358165892617375,fp_530569f9eaa11aa2e923983c642a3fc3b7546ed1,2025-09-14,CUS-00109
DEV-000192,laptop,Windows 11 24H2,,fp_813da33ce9709092120ab2178e686494081aa8cd,2025-09-14,CUS-00109
DEV-000193,phone,iOS 19.4,357898879464645,fp_f5ea89deafa2ccd165974104a1fb243dcec40f51,2022-01-28,CUS-00110
DEV-000194,laptop,Windows 11 24H2,,fp_f731302f3765c93be9b3e5d6dbc31366c7d51dd8,2022-01-28,CUS-00110
DEV-000195,phone,iOS 19.4,355063900752699,fp_220c5e98a6d146868064e0a02ec8ef4f8eff7f4c,2018-01-11,CUS-00111
DEV-000196,laptop,macOS 16.2,,fp_cd8e513eb9f8c5ecd18974eaf15a52e1d9479556,2018-01-11,CUS-00111
DEV-000197,phone,iOS 19.4,355849654388872,fp_a16f051fda0118020cccee65a01bf3ed856d5710,2013-08-18,CUS-00112
DEV-000198,phone,Android 16,358680144268048,fp_f2413f17ce5d8b18b7fd3b6194c32836491b2f31,2023-02-03,CUS-00113
DEV-000199,laptop,Windows 11 24H2,,fp_8fa64515d30db3729a7526a84c80c529133b251a,2023-02-03,CUS-00113
DEV-000200,phone,Android 16,358319894873293,fp_9e93b1b980bfd0d7b7d22c6f83d739c6a4d249c4,2022-11-12,CUS-00114
DEV-000201,laptop,macOS 16.2,,fp_5e21809992813bcd7a15d6b9b9169cfffe9fe1ff,2022-11-12,CUS-00114
DEV-000202,phone,Android 16,354028883868690,fp_98a533823faf73cd8473d00b4e473b39bb3d96a0,2015-11-23,CUS-00115
DEV-000203,laptop,Windows 11 24H2,,fp_257a845d98a9f06fe9fdd22895287003e60362f8,2015-11-23,CUS-00115
DEV-000204,phone,Android 16,358618895843750,fp_b45f9e6b7216604c5bcb3bfb6e399b637fe53912,2026-06-26,CUS-00116
DEV-000205,phone,iOS 19.4,353560740689698,fp_8620edc7c6c4bbfb790263c57e199e6ee9db6eec,2020-08-27,CUS-00117
DEV-000206,laptop,Windows 11 24H2,,fp_6c057d839cdb80898cca34ceb9ad407b3a1343cb,2020-08-27,CUS-00117
DEV-000207,phone,Android 16,352814808627138,fp_48c9fa2a09a39b6c8ade09aae0009b4dd2a119a6,2024-03-07,CUS-00118
DEV-000208,phone,Android 16,359854564090944,fp_00ecbc97f5fcfff7229a7b7c382b517beb30883a,2025-04-19,CUS-00119
DEV-000209,laptop,Windows 11 24H2,,fp_9d26baf0f61aa1e15295b5825fc14e943d6eb518,2025-04-19,CUS-00119
DEV-000210,phone,Android 16,358868507133640,fp_c9fd760c86b357f4233d89d9c471d7d3cc1f54e1,2009-05-08,CUS-00120
DEV-000211,laptop,Windows 11 24H2,,fp_31f919f15929eefc24124e650c28f9bd954858fd,2009-05-08,CUS-00120
DEV-000212,phone,iOS 19.4,351802958009382,fp_046e0477bb14b4ec75b8d0cbb9d03d54125dd982,2010-03-02,CUS-00121
DEV-000213,laptop,Windows 11 24H2,,fp_c79ddf202af5025b07f19255bea89bd33fd9df85,2010-03-02,CUS-00121
DEV-000214,phone,Android 16,355919752362107,fp_476972b4a5ae84126c63d48a7be7e445a2041153,2009-11-16,CUS-00122
DEV-000215,phone,iOS 19.4,359402658667580,fp_4abb4ce89788dc7b77e8511b65022d1ea52098fb,2010-02-26,CUS-00123
DEV-000216,phone,Android 16,351477789741063,fp_9fa4f747e8fb4fcf1394ede148e999a81b1ee2f7,2016-05-25,CUS-00124
DEV-000217,laptop,macOS 16.2,,fp_cb8d100e0f54481768102d06247cafc64d5b6cc5,2016-05-25,CUS-00124
DEV-000218,phone,Android 16,355310654333076,fp_ea2846d6af15b54bd0194b9e562edbdcf7a9fa28,2008-08-10,CUS-00125
DEV-000219,laptop,Windows 11 24H2,,fp_b98f8466a2cab0059cdd71decd0055bf9dba78cc,2008-08-10,CUS-00125
DEV-000220,tablet,iPadOS 19.4,,fp_037ab2ab42ba0f4e757b82a1343d8b3b6aa3e8a7,2008-08-10,CUS-00125
DEV-000221,phone,iOS 19.4,357681362851935,fp_bf52d87673bd764c1153950d7c14d3c9e6b17554,2010-06-01,CUS-00126
DEV-000222,phone,Android 16,355238693777014,fp_ff1a0269c2367ed5d5281d47c867c581062f255c,2023-10-16,CUS-00127
DEV-000223,laptop,macOS 16.2,,fp_15b940de635e77e47aefefe95077f772a14aea22,2023-10-16,CUS-00127
DEV-000224,phone,iOS 19.4,354503144414651,fp_7d79cca37fb07100d7de5f94f90e12ff9566bccc,2019-11-11,CUS-00128
DEV-000225,phone,iOS 19.4,351016288860488,fp_4a7e1863700d81990fd4d700dd2a3e129807e369,2020-11-21,CUS-00129
DEV-000226,phone,iOS 19.4,359683352670100,fp_32c37c8c98b92c880853c837782f7c8548aa5e69,2014-07-23,CUS-00130
DEV-000227,phone,iOS 19.4,353643376895952,fp_3d966693472a7a32ff0ac4f4e554ef914bc7a06d,2018-05-08,CUS-00131
DEV-000228,laptop,Windows 11 24H2,,fp_7cdea28669fa3be17b697c1bf08d121dd2e00e5a,2018-05-08,CUS-00131
DEV-000229,phone,Android 16,353139536248921,fp_8d56aea19c846183dd4df709f28e6458206baecb,2019-01-12,CUS-00132
DEV-000230,phone,iOS 19.4,359608677895145,fp_9e9ff113e7d0ce18d1dbbee5ef80d5e9a57ef020,2012-04-07,CUS-00133
DEV-000231,phone,Android 16,354464843463350,fp_76b9cb81d824875a1d333821bcb055067096f812,2025-04-24,CUS-00134
DEV-000232,phone,iOS 19.4,358082218896336,fp_e446fc8a9c8ff3443189aac1cc324f92ae45dbf9,2019-08-16,CUS-00135
DEV-000233,phone,iOS 19.4,357140789885372,fp_7e892389c313c15f3809946582614c8e7e9e79c8,2009-04-27,CUS-00136
DEV-000234,tablet,Android 16,,fp_1034ed47ebea8a3d1b52e17ddc3f7318a8caf56e,2009-04-27,CUS-00136
DEV-000235,phone,Android 16,351857361794572,fp_84934a3050637ea1df882c24ed8a6105a9c59c18,2011-06-23,CUS-00137
DEV-000236,phone,iOS 19.4,356101793490011,fp_0402e0b20cd66e880f1c47f33d5bc03d30902823,2022-10-08,CUS-00138
DEV-000237,phone,Android 16,359275606583527,fp_6f58081826a3993433849c325b8637c9c4fe00ff,2016-07-15,CUS-00139
DEV-000238,phone,Android 16,355449844925371,fp_89c3e7f6073569d6931133ab4639d557b9a393de,2016-09-04,CUS-00140
DEV-000239,phone,Android 16,353809812074251,fp_aa5d27b35c660fcf9c071212983a5d940a916af0,2021-05-03,CUS-00141
DEV-000240,laptop,Windows 11 24H2,,fp_bee0d4908f8d14d615e3b07bb8cedf44c1089eed,2021-05-03,CUS-00141
DEV-000241,tablet,iPadOS 19.4,,fp_763ea93218b93b3262759714df3d1f35db9fea65,2021-05-03,CUS-00141
DEV-000242,phone,Android 16,352711796729202,fp_db982a430b8cb29a072a1f97d059abd9375c4aa9,2022-09-07,CUS-00142
DEV-000243,phone,iOS 19.4,359490486187662,fp_d15f0fc254f26108d491e59f3a3998d659c5d2ac,2022-01-04,CUS-00143
DEV-000244,phone,iOS 19.4,352069214991202,fp_e31c38d4f3998d76835d8877808eceb537cee869,2014-09-19,CUS-00144
DEV-000245,laptop,Windows 11 24H2,,fp_649d7f9131e21d32825a81d7d117039317f7b721,2014-09-19,CUS-00144
DEV-000246,phone,Android 16,352772230071595,fp_bc2486b2f4343cd19a031086421836cfef0f7939,2019-12-07,CUS-00145
DEV-000247,laptop,macOS 16.2,,fp_aa7222b5c325920de8d887fd93b2f34082afecbe,2019-12-07,CUS-00145
DEV-000248,phone,Android 16,357135516278873,fp_0f7472efaf4526f20dca67e939e26927e16c8035,2016-01-01,CUS-00146
DEV-000249,laptop,Windows 11 24H2,,fp_3af92d2a221f8960566532d8d824c0ecf3eb4a91,2016-01-01,CUS-00146
DEV-000250,phone,Android 16,358992803470146,fp_940df55bc96da7edbed6ae214f9007ad68f1196d,2022-11-02,CUS-00147
DEV-000251,phone,iOS 19.4,359296030620718,fp_9a6b40ab928d47c709ae9bc21923f335279ef3bf,2014-10-12,CUS-00148
DEV-000252,laptop,macOS 16.2,,fp_fea20ea37d039c2fb9c641d7c09b5f5c17238b1f,2014-10-12,CUS-00148
DEV-000253,tablet,Android 16,,fp_33ce8519a29a047b08361f0dbfd1e59ec3663b90,2014-10-12,CUS-00148
DEV-000254,phone,Android 16,353433522832208,fp_c5e3bab4d55d8e94151315ec67521c03f8f1a5e1,2016-10-31,CUS-00149
DEV-000255,phone,Android 16,356905443133916,fp_b36254f161f735013e1e9ee27439aec379a073a8,2022-03-07,CUS-00150
DEV-000256,laptop,Windows 11 24H2,,fp_ee0c10e82e7eb4840d03cf5c43c29ac22be46a0e,2022-03-07,CUS-00150
DEV-000257,phone,iOS 19.4,354441692039298,fp_e80d9897266dc5ed02e07b7f9ba0d78fe96b84c5,2018-02-18,CUS-00151
DEV-000258,laptop,Windows 11 24H2,,fp_a71051c8108e6aeca3fcea7206b1a121eaa180f3,2018-02-18,CUS-00151
DEV-000259,phone,Android 16,352489880608232,fp_1d2e3b487ccc2718ca1fd3ed18f11f1d523e228a,2024-07-01,CUS-00152
DEV-000260,laptop,Windows 11 24H2,,fp_1bd9e819a0114d0ec0c9a65403bc215b4818a765,2024-07-01,CUS-00152
DEV-000261,phone,Android 16,354666451457452,fp_f49678389217384e4fa1adc4ee278c739f18c5d6,2025-08-14,CUS-00153
DEV-000262,laptop,Windows 11 24H2,,fp_2f92fa6a1e36ef10c93e5cdba4e344b2bf215ff3,2025-08-14,CUS-00153
DEV-000263,phone,Android 16,353544937211003,fp_203abd75ccb6c816b202d8306e90d7eb58a3b27b,2021-06-18,CUS-00154
DEV-000264,laptop,Windows 11 24H2,,fp_e02ef929ce2336058beb2e8c844afaea3539613b,2021-06-18,CUS-00154
DEV-000265,phone,Android 16,356972961462254,fp_80e7c610f81afd199fbcc4abd320ef8fe83354b7,2008-04-28,CUS-00155
DEV-000266,laptop,macOS 16.2,,fp_e4397ffa53a870bccb1615d4e2ddb30fd434ef4e,2008-04-28,CUS-00155
DEV-000267,phone,iOS 19.4,355378587641327,fp_83f4e1d5854760b16b97491e86d5e50bb03179ed,2024-01-09,CUS-00156
DEV-000268,laptop,macOS 16.2,,fp_8a72553c00bb6559c50f59c9b398ee6919b644ce,2024-01-09,CUS-00156
DEV-000269,tablet,iPadOS 19.4,,fp_a0cddaead2f46be29e82471a9711f78a37f06c62,2024-01-09,CUS-00156
DEV-000270,phone,Android 16,359014484259858,fp_87c87693c49b46b66899ad04c5f12191691e9610,2025-07-25,CUS-00157
DEV-000271,phone,iOS 19.4,356460116739922,fp_9b3cae935bda517e665614e43ea9be1aa5723351,2022-08-22,CUS-00158
DEV-000272,laptop,Windows 11 24H2,,fp_7c27c77c9477a93cbae799eaa18f9ded22700c5f,2022-08-22,CUS-00158
DEV-000273,phone,Android 16,358121900790392,fp_bd9bc99fcd483434b62a6825d24ac45e675dbb10,2022-01-08,CUS-00159
DEV-000274,laptop,Windows 11 24H2,,fp_90ce8c11b8f92da9e99e9c4494a16efb602bf758,2022-01-08,CUS-00159
DEV-000275,phone,iOS 19.4,356371870702115,fp_3a5bb3918778a6195bf22155b215db1831b042c8,2017-03-09,CUS-00160
DEV-000276,laptop,macOS 16.2,,fp_cdad988db0143558c67e78202b7e4e4929a05e99,2017-03-09,CUS-00160
DEV-000277,phone,Android 16,356800517475115,fp_e2084618dbdec0a6003bfb87b8d4c1eb3c880bd3,2021-04-15,CUS-00161
DEV-000278,laptop,macOS 16.2,,fp_e47ad3ab5e88fdb1232773409aa382c51d9c62cf,2021-04-15,CUS-00161
DEV-000279,phone,iOS 19.4,352725312693691,fp_a359a47f609e83d275e31383d019dbfccc9b1532,2012-09-11,CUS-00162
DEV-000280,phone,iOS 19.4,358408075725089,fp_a9f76f831719dfed66f785554dc48df8a2a1e12e,2025-01-07,CUS-00163
DEV-000281,laptop,Windows 11 24H2,,fp_3193c8e887ee6997ade6a8aed4a6085850b9c3cb,2025-01-07,CUS-00163
DEV-000282,phone,Android 16,357111902966440,fp_c8a5ba09a0d0e03a216194070caff7932ba368f3,2024-02-12,CUS-00164
DEV-000283,laptop,macOS 16.2,,fp_87b3f0a1393614d85ba0c0d1ea69112854c1c2e7,2024-02-12,CUS-00164
DEV-000284,phone,iOS 19.4,351804191590431,fp_1ce99b78b74551fd667aefa816101e8cd044492c,2011-03-03,CUS-00165
DEV-000285,laptop,macOS 16.2,,fp_b2c2e48da0c3f817ab98f419eff4f4981e6b259c,2011-03-03,CUS-00165
DEV-000286,phone,iOS 19.4,354806859658559,fp_df3e307153493d743432c5b79f9d4956a060f13c,2015-12-24,CUS-00166
DEV-000287,laptop,macOS 16.2,,fp_e28c6128aa29a7b4d5af8385074ba156b5b47042,2015-12-24,CUS-00166
DEV-000288,phone,Android 16,358460811280941,fp_b8aab2ed864506ff6099f3b32fa46ca9dcc1f94d,2015-01-08,CUS-00167
DEV-000289,phone,iOS 19.4,352887283614637,fp_7447222051612efe7e2e73eb6e1dad4e34fa577e,2021-06-07,CUS-00168
DEV-000290,phone,iOS 19.4,355835312737160,fp_021e59e71cbc812709047d7137581b85d0f7834b,2019-02-14,CUS-00169
DEV-000291,phone,Android 16,359293735430820,fp_bc129f654dad4d0cb530e576be63907630fa403d,2010-10-18,CUS-00170
DEV-000292,laptop,macOS 16.2,,fp_4d740d5bede3f2092ff95c8c917d91aaebdce80d,2010-10-18,CUS-00170
DEV-000293,phone,iOS 19.4,356778195604895,fp_0b7bab82d6e9bd8d51b9c56ff266c60307a9e2fd,2021-04-16,CUS-00171
DEV-000294,phone,iOS 19.4,358951548451315,fp_485f8ec2ff805ed3b3d74a39fa2544728d890d98,2022-12-21,CUS-00172
DEV-000295,phone,iOS 19.4,358315036361245,fp_660f4780c9a2274aaedf9b8063e25d832dd7ed9d,2025-03-13,CUS-00173
DEV-000296,laptop,Windows 11 24H2,,fp_8e5112742f19f1740cca946d4b3a3b3c8c6d452a,2025-03-13,CUS-00173
DEV-000297,phone,iOS 19.4,353330130147034,fp_bf6c1698ba7d1814c97ef66a68811080ae08611b,2015-03-05,CUS-00174
DEV-000298,laptop,Windows 11 24H2,,fp_8d872168fbf0140fcb6f68d399dd47b419fce861,2015-03-05,CUS-00174
DEV-000299,phone,Android 16,358209292315367,fp_838d72d60abccbd2d262e1eef5d13b8766aa8689,2012-03-26,CUS-00175
DEV-000300,laptop,macOS 16.2,,fp_a9d71daa53fa566ed643b4c261bb67b6cba2b363,2012-03-26,CUS-00175
DEV-000301,phone,iOS 19.4,354541883972905,fp_1e2077b4f01dc2e47e0b7ce06007c3fae552e894,2008-03-07,CUS-00176
DEV-000302,laptop,macOS 16.2,,fp_21f9974db5f71d0a0a1263b6821d8e15fe147d72,2008-03-07,CUS-00176
DEV-000303,phone,Android 16,358154495112069,fp_d4e4ed5697b6065e9f96bf0061416322cae2d83b,2016-06-10,CUS-00177
DEV-000304,laptop,macOS 16.2,,fp_672e395944ef98ff71e89f7d01374c1a10b38f69,2016-06-10,CUS-00177
DEV-000305,tablet,iPadOS 19.4,,fp_a236ddf779f01cf0a7e4b0aa02937909fac9330c,2016-06-10,CUS-00177
DEV-000306,phone,iOS 19.4,351049469501924,fp_e28caf277d3569180a4a692b629473e966a9c186,2016-07-17,CUS-00178
DEV-000307,phone,Android 16,357399852543035,fp_cf67f34bb5ca19b8bc944c7cf2bc7b970051f5e5,2010-04-04,CUS-00179
DEV-000308,laptop,macOS 16.2,,fp_d7ccf6af99e36e84253c08da3bcff025d8a1a26b,2010-04-04,CUS-00179
DEV-000309,phone,iOS 19.4,355754338680465,fp_1dea2106d4f8b60337597f387c8a2e383d809d1d,2021-06-04,CUS-00180
DEV-000310,laptop,macOS 16.2,,fp_893529c4a04401bac7aabd4b1be81fc31c34855c,2021-06-04,CUS-00180
DEV-000311,phone,iOS 19.4,355351545226030,fp_70e9592fcaab4cb228226fb22f0ff9833359687e,2020-11-19,CUS-00181
DEV-000312,laptop,Windows 11 24H2,,fp_477f9629164dc5dd5e0bd6f06aa33b21bcaa4b2b,2020-11-19,CUS-00181
DEV-000313,phone,iOS 19.4,354513984537791,fp_0427b2e1ec85a2bd5345f36200e0600f12ebd0f5,2015-01-05,CUS-00182
DEV-000314,laptop,Windows 11 24H2,,fp_21f867ab5871b0d5c3b66524f3464629412821b3,2015-01-05,CUS-00182
DEV-000315,phone,iOS 19.4,354269549796564,fp_378d3b2bd60b3913771962de0ec3adb802bb6b36,2010-01-24,CUS-00183
DEV-000316,phone,Android 16,354319295868621,fp_4dfc3bbb01ab19c677ea33898479cf3c64043616,2019-01-19,CUS-00184
DEV-000317,laptop,macOS 16.2,,fp_6dc573cc71ced0ed35806cf8518353464ff4cfe8,2019-01-19,CUS-00184
DEV-000318,phone,Android 16,357727829996755,fp_61e1937ce22546fdd63c5c5febbe784383b7fd31,2018-10-25,CUS-00185
DEV-000319,phone,Android 16,353192208042464,fp_e1865d93669e96b090161bfd5ce7e3b39c6cadb8,2017-02-17,CUS-00186
DEV-000320,phone,iOS 19.4,351461425622983,fp_95485c0e86a264f7748436ea4669629987712909,2009-11-23,CUS-00187
DEV-000321,laptop,Windows 11 24H2,,fp_e62bee938baff2560d4af603323547d17353dcc9,2009-11-23,CUS-00187
DEV-000322,phone,Android 16,355574403169525,fp_1f0e16a55fffd9d6df5ebf9182ab64cee34c629f,2016-11-03,CUS-00188
DEV-000323,laptop,Windows 11 24H2,,fp_51f4da3a2c24d14199bcfe762dd52b924ad25475,2016-11-03,CUS-00188
DEV-000324,phone,iOS 19.4,353872867754299,fp_b5c9634ffa290615928e74cdf1dee363c06e31a5,2011-05-06,CUS-00189
DEV-000325,laptop,macOS 16.2,,fp_9d25ef7640404f9d02593d7d896bd91e5203baeb,2011-05-06,CUS-00189
DEV-000326,phone,Android 16,351055193754049,fp_1bd5f281e2931f62ecc536b54f49fe3ba3ecc0b6,2018-09-23,CUS-00190
DEV-000327,laptop,macOS 16.2,,fp_d785fcac8698a6f7f185856ea202a4e33e14e536,2018-09-23,CUS-00190
DEV-000328,phone,Android 16,355837579582416,fp_e8ec1cbe214bbb3292dbb374c0008537332eb5d7,2023-04-18,CUS-00191
DEV-000329,phone,Android 16,354943556410695,fp_32223aaee4c791fda22cec668df5ce17e0666764,2010-04-08,CUS-00192
DEV-000330,laptop,Windows 11 24H2,,fp_f59f51abccc7b20a7ffe0fa19cc52c6bc833dd1c,2010-04-08,CUS-00192
DEV-000331,phone,Android 16,359114919353333,fp_0942930269763f584bb4298cd8c5f4d4dc5531af,2021-08-10,CUS-00193
DEV-000332,laptop,macOS 16.2,,fp_41e8ccbfd89eadae926884042d4b9302ff104f90,2021-08-10,CUS-00193
DEV-000333,tablet,Android 16,,fp_33d1e0e7e548d010c4272042f71dacd244d2ae3a,2021-08-10,CUS-00193
DEV-000334,phone,iOS 19.4,358562577669258,fp_92d8206b4a97659351b070e34a313e3f8f85ead5,2022-10-11,CUS-00194
DEV-000335,phone,Android 16,356128689889330,fp_b434b8757b990cf572492643d858514c3865b5d3,2017-07-13,CUS-00195
DEV-000336,laptop,macOS 16.2,,fp_8b2b45256fcabe6a7bc13412a65638146537eaab,2017-07-13,CUS-00195
DEV-000337,phone,Android 16,357919962623971,fp_486a6fa2922da65386927bf4d43b95a9e230465e,2011-05-21,CUS-00196
DEV-000338,tablet,iPadOS 19.4,,fp_8ff5b9a6be1c6515ed6ba7f12089922303795066,2011-05-21,CUS-00196
DEV-000339,phone,iOS 19.4,353513450886877,fp_3bad1c5e8d6e55c4b3a0bdbfcd17180793c4b42c,2011-08-17,CUS-00197
DEV-000340,phone,iOS 19.4,359314526770928,fp_9d4b01eb11ab495d9a614a17c1425ec6f5751f19,2008-10-01,CUS-00198
DEV-000341,phone,iOS 19.4,357816037342742,fp_fc96eb2be543d1644a9ed031254ceca5da0d75f4,2009-05-02,CUS-00199
DEV-000342,laptop,Windows 11 24H2,,fp_87d7444dbf70e4a8f6c2434cfa96a256420e81c5,2009-05-02,CUS-00199
DEV-000343,tablet,Android 16,,fp_717f9acaa19490680fc56f0ac42b4a607c7c8cfe,2009-05-02,CUS-00199
DEV-000344,phone,Android 16,358443943146036,fp_9273576af0b27a6025abbebaa2f4f9d7f88635c0,2011-05-29,CUS-00200
DEV-000345,phone,Android 16,353250546951527,fp_fdc012d46872d92e5ef3a67632b3f3463df0a244,2016-04-17,CUS-00201
DEV-000346,laptop,macOS 16.2,,fp_d4ca6c19b0e8586d25d29244aee7165318635b2e,2016-04-17,CUS-00201
DEV-000347,phone,iOS 19.4,357521752223578,fp_449ea8c0807fc3c35abcae76ca2f1a11486f2fcf,2022-10-15,CUS-00202
DEV-000348,laptop,macOS 16.2,,fp_d7a2a34215f6948f6451343d7079393fb9d256bf,2022-10-15,CUS-00202
DEV-000349,phone,Android 16,352999332981827,fp_bceca46d2235dedd2b71d4ea93dbf3873a2415ef,2023-03-21,CUS-00203
DEV-000350,phone,iOS 19.4,356556405345753,fp_d93570de4f19919a7152875a9c3284c215ac5eb4,2010-07-07,CUS-00204
DEV-000351,laptop,macOS 16.2,,fp_dcf06d06f1e99e3aa79b3a92332c62221f8aae22,2010-07-07,CUS-00204
DEV-000352,phone,Android 16,354962701736154,fp_c521a277bd0b8546e0b54ae320742663197be941,2012-08-04,CUS-00205
DEV-000353,phone,iOS 19.4,354447209879896,fp_3d2d042cb451fe4bcfc0cface19668aa41edd1a3,2023-06-26,CUS-00206
DEV-000354,laptop,macOS 16.2,,fp_79da54d399687c46f69c6004cc8a3eef026f216d,2023-06-26,CUS-00206
DEV-000355,phone,Android 16,354740769897506,fp_b1efc340215f95babf447a459b62a4ffc2ec749e,2021-01-26,CUS-00207
DEV-000356,laptop,Windows 11 24H2,,fp_ce33b73c110559ef955a486c4febfa987ef092f7,2021-01-26,CUS-00207
DEV-000357,phone,Android 16,358441327364835,fp_5baccd30cb2781581f88905c2a0e9e328827f4c9,2021-06-13,CUS-00208
DEV-000358,laptop,Windows 11 24H2,,fp_135e61f52249ae05a5529a3370e007dc00ea15aa,2021-06-13,CUS-00208
DEV-000359,phone,Android 16,354693480101197,fp_136dc4814874c381958d77b9635d56456b581929,2021-05-06,CUS-00209
DEV-000360,phone,Android 16,352502091504286,fp_2a5d6342028ec6634337c9db444fb70405b50ce3,2010-07-20,CUS-00210
DEV-000361,laptop,macOS 16.2,,fp_836e9082f0a3a75a87586fe9db5d4dd10c3eded5,2010-07-20,CUS-00210
DEV-000362,phone,Android 16,354806282480541,fp_bc64fb508be4e62de8dec740524be926016845d1,2013-12-02,CUS-00211
DEV-000363,laptop,Windows 11 24H2,,fp_6b6c8c5c5c0318db4f1028ca62f7d667fb6f0ac9,2013-12-02,CUS-00211
DEV-000364,phone,iOS 19.4,352215592530503,fp_e02f59c707f92ca5e8e0ae2b770b6e7cc337ff5a,2026-06-28,CUS-00212
DEV-000365,phone,Android 16,352826132178862,fp_c30e40dcfc3eecfbe94db11a0ee8c026f95f2e8a,2012-09-03,CUS-00213
DEV-000366,laptop,Windows 11 24H2,,fp_5e0e31138071dd4fb733cc3ae4eabe5297e5700e,2012-09-03,CUS-00213
DEV-000367,phone,iOS 19.4,351996429534743,fp_0a889415841ff10340ce6fa87dc7026fdfb1daaf,2010-12-09,CUS-00214
DEV-000368,laptop,macOS 16.2,,fp_ebc3b3c12cc5dd82113ae589397bb343f6d1f796,2010-12-09,CUS-00214
DEV-000369,phone,Android 16,359242345040738,fp_d51cfb507063503f09c32f919fc978baa68da21f,2017-07-26,CUS-00215
DEV-000370,laptop,macOS 16.2,,fp_a7b0263ffc2dd1d541519061238454251e0d9417,2017-07-26,CUS-00215
DEV-000371,phone,Android 16,351573826637737,fp_78d6f29898c65c2a1edb4180d87d2e693913d59a,2021-02-21,CUS-00216
DEV-000372,laptop,Windows 11 24H2,,fp_cfb479cb6b472a9a8a2af2a98b61b34c012ef4aa,2021-02-21,CUS-00216
DEV-000373,phone,Android 16,359077574206839,fp_a1f171eee6daddf88eda08c429671e834b039a0f,2010-10-20,CUS-00217
DEV-000374,phone,Android 16,356223480220833,fp_e93a7277089a732b39a16c64e1efd671df3a3e52,2024-06-14,CUS-00218
DEV-000375,laptop,Windows 11 24H2,,fp_7c85eb069c54d7c4f00d025d5b9aa217a117a94d,2024-06-14,CUS-00218
DEV-000376,phone,iOS 19.4,359776234102652,fp_733d3f934fc29d6967aa7d3f815fc25de53bf09d,2013-08-01,CUS-00219
DEV-000377,laptop,Windows 11 24H2,,fp_19ec5bc49362601daf341943fe9ecf8a3ec689ed,2013-08-01,CUS-00219
DEV-000378,phone,Android 16,359580965400851,fp_edfc24caa329c27107d3d495d5ec81aa9d98d33e,2022-02-23,CUS-00220
DEV-000379,phone,Android 16,352254816209817,fp_2f4e71b27148b4cf3b77bba44045f8d30403db77,2025-02-05,CUS-00221
DEV-000380,phone,Android 16,356893988426439,fp_a504649c8f50ed1ef75096451764c1c093759e65,2026-06-16,CUS-00222
DEV-000381,laptop,macOS 16.2,,fp_2c99449a6c038674feff61b7931d9f9cabab6eb3,2026-06-16,CUS-00222
DEV-000382,phone,iOS 19.4,357078555472082,fp_93de83fbe03f9464ae079fbad354df0e9c2d7ca3,2011-10-20,CUS-00223
DEV-000383,phone,Android 16,357992076523177,fp_e6eacffa6b95a5c2490f30daaf22ecbd976117e1,2026-06-21,CUS-00224
DEV-000384,laptop,macOS 16.2,,fp_cd395c4f6c1e4a49c6462b98963b7f66f3291d74,2026-06-21,CUS-00224
DEV-000385,phone,iOS 19.4,358087687696941,fp_683def8a8faf4f9107313f15c443b21682080e34,2013-05-07,CUS-00225
DEV-000386,laptop,macOS 16.2,,fp_88ab92b3c4865f8839f48cb45c5a6b34f8c299c2,2013-05-07,CUS-00225
DEV-000387,phone,iOS 19.4,358590207181242,fp_e94e97b64ff582c529394c8734cfb8f4d77651fd,2025-07-28,CUS-00226
DEV-000388,phone,Android 16,357133470093434,fp_b263564d4d3db85d366ebbb952937b93890c4c68,2018-05-09,CUS-00227
DEV-000389,laptop,macOS 16.2,,fp_3e2c8e4eba76ce677c267ccf4ac54d3ba2a7cb05,2018-05-09,CUS-00227
DEV-000390,phone,iOS 19.4,359055200390721,fp_ca80b992dbe33bd3f10b29f98b3e03432bd469f9,2022-11-05,CUS-00228
DEV-000391,laptop,macOS 16.2,,fp_159225c49b4eb801ca2d006245b6ae6a52cc7022,2022-11-05,CUS-00228
DEV-000392,phone,iOS 19.4,358822309734954,fp_ab8970977d54f4562e4d392bfefac802ef3d903f,2021-11-12,CUS-00229
DEV-000393,laptop,macOS 16.2,,fp_eae9f263088ffb54d36288f2840a360202046c14,2021-11-12,CUS-00229
DEV-000394,phone,Android 16,355590039373426,fp_b7fe8d1e9771eb79d333ab88e2b83075922b71f2,2019-02-09,CUS-00230
DEV-000395,phone,Android 16,359025002337893,fp_df6ac8bd766d286269aa18095dbdc35df356fd07,2025-09-14,CUS-00231
DEV-000396,laptop,macOS 16.2,,fp_8fca9b1c4560a6e7587a61fc1f3e5dae06e8ff1a,2025-09-14,CUS-00231
DEV-000397,phone,iOS 19.4,356523994313851,fp_bf64e90ff9bf546cb6b9d348121b9a32da7de2ea,2016-12-21,CUS-00232
DEV-000398,laptop,Windows 11 24H2,,fp_001914d54d3190c1c1032a4951c229943c65d8f3,2016-12-21,CUS-00232
DEV-000399,phone,iOS 19.4,356175146353574,fp_276e8fda347201581747a60498f1823fc50fbd6b,2022-08-05,CUS-00233
DEV-000400,phone,iOS 19.4,358437585683389,fp_f6d61211e2ea207c6007d776ddf4e9df0cbe12b3,2026-06-23,CUS-00234
DEV-000401,laptop,macOS 16.2,,fp_03f49795e869fa16b2b0eeb8780f99f0414a3d5d,2026-06-23,CUS-00234
DEV-000402,phone,iOS 19.4,353747576363084,fp_94e45826e8db91adbfa5d94ba890d8a08573177c,2017-09-27,CUS-00235
DEV-000403,laptop,macOS 16.2,,fp_da27acafc8366a4cab1cb098a03bf5f8510d5d3a,2017-09-27,CUS-00235
DEV-000404,phone,iOS 19.4,357669523189658,fp_d39981113bb08ffdbef32347415594b9ff94fbd6,2022-08-01,CUS-00236
DEV-000405,laptop,Windows 11 24H2,,fp_c7d354703808aa360bcc01298d77e4efa9e1ede4,2022-08-01,CUS-00236
DEV-000406,phone,iOS 19.4,351985382410756,fp_f7b2b5be325c3e5ce3f71df287a5567df396ce2c,2025-04-22,CUS-00237
DEV-000407,phone,iOS 19.4,356815772989131,fp_43c4578ced0c3f3aa9534252bae2c085ead05d97,2020-07-19,CUS-00238
DEV-000408,laptop,Windows 11 24H2,,fp_aba148ed331402bef120f6913053e5cc59c27e7c,2020-07-19,CUS-00238
DEV-000409,phone,Android 16,355718253754134,fp_a4c309421bdbac9089e61b26a0a25e56bfe8cf6f,2008-05-17,CUS-00239
DEV-000410,phone,Android 16,357615613089201,fp_abcdfda01d89df50e6eb3056a839786cca961ef3,2014-09-09,CUS-00240
DEV-000411,laptop,macOS 16.2,,fp_63f045112f8fd98c124d17933bd05142628618c1,2014-09-09,CUS-00240
DEV-000412,phone,Android 16,357615693390012,fp_94e65e285e14c098581c91472b9665f181230c9e,2023-09-28,CUS-00241
DEV-000413,laptop,macOS 16.2,,fp_f8a91193a60db40899c373a6c03ed18bbe5c2acb,2023-09-28,CUS-00241
DEV-000414,phone,iOS 19.4,351640356345845,fp_5893bc03df4f3eae12e20040a392679aab77c5de,2014-03-27,CUS-00242
DEV-000415,laptop,Windows 11 24H2,,fp_2cc6dba43413ef95ee0fa50d5a88cc7842c1a356,2014-03-27,CUS-00242
DEV-000416,phone,Android 16,359981192720656,fp_17db79b9902904738249ee7614b9ffb8dc411ffe,2017-06-12,CUS-00243
DEV-000417,laptop,macOS 16.2,,fp_7a09f3fee052396a5136a7008e5282cc206f317f,2017-06-12,CUS-00243
DEV-000418,phone,Android 16,352209108760672,fp_8eb6139059f36982d4009f14f6adc91fceac3334,2021-12-22,CUS-00244
DEV-000419,laptop,Windows 11 24H2,,fp_d43ff629017a1adfb9622e4baa04731ad2f91db5,2021-12-22,CUS-00244
DEV-000420,phone,iOS 19.4,355519354426837,fp_5d757a77639b3f1959901fd72e615825398f94c0,2018-03-28,CUS-00245
DEV-000421,phone,iOS 19.4,353261062317998,fp_b9a6094ec1bac99c71308474c48e4c51088297ca,2013-11-02,CUS-00246
DEV-000422,laptop,Windows 11 24H2,,fp_75b0d1cb6b306e3b26d0af344077e1976650805f,2013-11-02,CUS-00246
DEV-000423,phone,iOS 19.4,351096611269953,fp_768bc44fccce5a1a904193db79f4a3fe30c9a352,2017-10-08,CUS-00247
DEV-000424,laptop,Windows 11 24H2,,fp_06a292a891429e4fb8cbd918fd7bf843c0e96d02,2017-10-08,CUS-00247
DEV-000425,phone,iOS 19.4,354052876605942,fp_4f18abfdc1632d6c1e13aed533f248160c1ac987,2018-02-14,CUS-00248
DEV-000426,laptop,Windows 11 24H2,,fp_38ca25b799c02626764fe698fd9238346bee5f41,2018-02-14,CUS-00248
DEV-000427,tablet,Android 16,,fp_5ee1675111e5a04955c85b3140898ca625111c8f,2018-02-14,CUS-00248
DEV-000428,phone,Android 16,357351520577364,fp_4575f0095e307dbb2fffdc50b89e7bd7f61eb713,2018-05-31,CUS-00249
DEV-000429,phone,iOS 19.4,352977401305738,fp_222ead6d4cd634c53278bdf539a4a4b9ceafe290,2022-10-08,CUS-00250
DEV-000430,laptop,macOS 16.2,,fp_b17fb67490a0bda900e6a0d38eb59fccb6a80266,2022-10-08,CUS-00250
DEV-000431,phone,Android 16,353453305595155,fp_452596d5735830c0aac873bc0fbd5831a70f6f17,2026-06-01,CUS-00251
DEV-000432,laptop,Windows 11 24H2,,fp_2e4a491c4dcb7bbb8775e4624e459576f98a2fc5,2026-06-01,CUS-00251
DEV-000433,phone,iOS 19.4,352489588956515,fp_bd6503a059fc5438f232f0ae9bc5088e73dd10cc,2023-02-13,CUS-00252
DEV-000434,laptop,macOS 16.2,,fp_4528fcd63acb7a7c457e21da74c17ea6f82ca446,2023-02-13,CUS-00252
DEV-000435,phone,Android 16,358250267790270,fp_73fdf2f39adf967691b8a130c349b931248cb5bf,2017-12-02,CUS-00253
DEV-000436,laptop,macOS 16.2,,fp_c4d5d92f426ae9e1d8c2f9e974c84d1a4c47cadf,2017-12-02,CUS-00253
DEV-000437,phone,iOS 19.4,354887179697933,fp_cce6994669903c0892f068b8f4344e7e92192521,2025-06-07,CUS-00254
DEV-000438,laptop,Windows 11 24H2,,fp_6b9dbaa6464ec54d0b71829f388cb6d5c8fe91de,2025-06-07,CUS-00254
DEV-000439,phone,Android 16,353156722743542,fp_40eef72439d4f16fe531299393a340b79fa47370,2016-05-15,CUS-00255
DEV-000440,laptop,Windows 11 24H2,,fp_037052f748148b3362cc53e35993dd9678e1f4ed,2016-05-15,CUS-00255
DEV-000441,phone,iOS 19.4,352337744591575,fp_8cad959584d0fb7d9367fe756d9530cec052d2c0,2011-10-02,CUS-00256
DEV-000442,laptop,Windows 11 24H2,,fp_21559700dbaff8b50ff1e9e3d98d4583daf9d28a,2011-10-02,CUS-00256
DEV-000443,phone,Android 16,356312385545748,fp_848b1a6d3f38780bca2933153f39560be0f621c5,2020-12-11,CUS-00257
DEV-000444,laptop,Windows 11 24H2,,fp_1a19171401eb014b0b92f9ec19d79f1a2c6f39e7,2020-12-11,CUS-00257
DEV-000445,phone,iOS 19.4,356169818838304,fp_c43a52c8a3914e4b8bb3c195b7627f9f7fec9971,2012-04-13,CUS-00258
DEV-000446,laptop,Windows 11 24H2,,fp_fd40929d0213a1ab574258ca77decda4ac68afa7,2012-04-13,CUS-00258
DEV-000447,phone,iOS 19.4,357703767126706,fp_8ca7b5729226829ab0cea44ab98b6b2d6cd3711a,2022-04-09,CUS-00259
DEV-000448,laptop,Windows 11 24H2,,fp_c16a959e4f6c8ddec69b9ae3724b14017413635d,2022-04-09,CUS-00259
DEV-000449,phone,iOS 19.4,351580941348358,fp_5d8ecc15986245b256c5447c24b6c3f4430b65d7,2026-06-08,CUS-00260
DEV-000450,laptop,Windows 11 24H2,,fp_ec6d1569d3d8ebcb46c3b09ee83d29634ca3a65a,2026-06-08,CUS-00260
DEV-000451,phone,iOS 19.4,356865754597927,fp_ef63046ba3de42cf81cf5ad5975a32000a409afc,2026-06-16,CUS-00261
DEV-000452,laptop,macOS 16.2,,fp_23e5b078a9bcd44576015457d5f72147668cbc27,2026-06-16,CUS-00261
DEV-000453,phone,Android 16,356532060247811,fp_00f94a35becf8ceb8c602fba7c02fd27976894fe,2017-07-20,CUS-00262
DEV-000454,laptop,macOS 16.2,,fp_a2abe2ea3021d8edb280802b7ef8239bb6265fc4,2017-07-20,CUS-00262
DEV-000455,phone,Android 16,355538421035567,fp_ac559fb09499318fbe56f6f24f13421087f8c910,2012-08-17,CUS-00263
DEV-000456,laptop,macOS 16.2,,fp_d148c2e37dcb2bb0b8330a6b2bc814d3ae4ed815,2012-08-17,CUS-00263
DEV-000457,phone,Android 16,353101306543181,fp_27e170f470d320b7a35ddc9d997408b36618d5ff,2018-02-14,CUS-00264
DEV-000458,laptop,macOS 16.2,,fp_4c9a9a388ec87a62cfe95851ddf4ad76cf35517b,2018-02-14,CUS-00264
DEV-000459,tablet,Android 16,,fp_d6cd393df39f9c8bcd4432231e032aa1f2004c05,2018-02-14,CUS-00264
DEV-000460,phone,iOS 19.4,357538944464240,fp_c1904e84fbbc3884ec6b7224eb5fb6acda82ca5d,2020-05-28,CUS-00265
DEV-000461,phone,iOS 19.4,358217190006374,fp_518e5552d0c21176fd59e1bee54765fa3589ee47,2022-06-10,CUS-00266
DEV-000462,laptop,macOS 16.2,,fp_3e8dbf4882c8fc08479c7c5d821a820a8f326919,2022-06-10,CUS-00266
DEV-000463,phone,iOS 19.4,355235276986253,fp_5e693f7be8a88e4c27ef6228648ee695d4a77356,2019-01-18,CUS-00267
DEV-000464,laptop,Windows 11 24H2,,fp_9c970ef14fa59789b9b54158089ee305cf30dfc0,2019-01-18,CUS-00267
DEV-000465,phone,iOS 19.4,359195052479769,fp_13c82ca35d62a8574e02742eebcc42cd7d007d55,2023-03-17,CUS-00268
DEV-000466,phone,iOS 19.4,352230922960520,fp_f4ad920889babe23e289cd0bc31eec320305579b,2008-05-03,CUS-00269
DEV-000467,phone,Android 16,355679061442648,fp_0c4482362b456db5371b0f890190860d54ff97b2,2009-01-21,CUS-00270
DEV-000468,phone,Android 16,353401076436848,fp_9156dc003e390960910f17b72db26cf6e663d4ca,2020-01-24,CUS-00271
DEV-000469,tablet,iPadOS 19.4,,fp_292636e1d4e5fd17f989e59a8048ea2dfa85f83c,2020-01-24,CUS-00271
DEV-000470,phone,iOS 19.4,353793248405999,fp_07e2e2e6b99f2539cf1d4f8cc2894a11c73d999d,2020-10-03,CUS-00272
DEV-000471,phone,Android 16,357045936567804,fp_7f4f8019f6c5b2e664d02b2ba3b7ea6826134dcd,2012-01-13,CUS-00273
DEV-000472,phone,iOS 19.4,355478748075376,fp_b286717bd5bad02d294c9affe1695f9a1e0c2a1a,2014-06-12,CUS-00274
DEV-000473,laptop,macOS 16.2,,fp_0cf00aa382659d4457d1d3009d0e514dcbbf94b7,2014-06-12,CUS-00274
DEV-000474,phone,iOS 19.4,356627613096969,fp_e31662a6522c0ac54aaacb980075351906370572,2026-06-09,CUS-00275
DEV-000475,laptop,macOS 16.2,,fp_2ee4732bd69a0b94e71faedcb37abba80731da6b,2026-06-09,CUS-00275
DEV-000476,phone,Android 16,353249159727701,fp_61451258e2363307728688db0d0058b8de40eec8,2025-05-20,CUS-00276
DEV-000477,laptop,macOS 16.2,,fp_a10992059360d5a7ef175369f96a651c87497dba,2025-05-20,CUS-00276
DEV-000478,phone,Android 16,359754881830531,fp_1847408f1d7ec1b2e18ccc58dd9e301d00e830b3,2013-07-04,CUS-00277
DEV-000479,laptop,macOS 16.2,,fp_84c42e5524c253081651dc159ea733a43571e8a5,2013-07-04,CUS-00277
DEV-000480,phone,iOS 19.4,356783648191145,fp_93a1b6b1597ae05f8dde45fa4a64b3413e76c025,2011-01-14,CUS-00278
DEV-000481,phone,iOS 19.4,358897191944487,fp_d137ced0b4bb13ca60d5d85ef7bc9d84d0b6e3ef,2021-10-07,CUS-00279
DEV-000482,laptop,macOS 16.2,,fp_90aaf45db8dce8b1e4754a004da12a9a068aa87f,2021-10-07,CUS-00279
DEV-000483,phone,iOS 19.4,351733631750712,fp_94876ce99dde45bba744c2a321eef0ee665dcf0b,2026-06-23,CUS-00280
DEV-000484,laptop,Windows 11 24H2,,fp_f314ab80e243cadfb3d7ed3fec4427c9e1d7637b,2026-06-23,CUS-00280
DEV-000485,phone,iOS 19.4,356779635314677,fp_ccbc18fce8c380a2e43ba7df65eb7f278e10d7bf,2021-10-06,CUS-00281
DEV-000486,laptop,Windows 11 24H2,,fp_39d75cfb3bbc384ce9bdf468c9ab7564630e4f38,2021-10-06,CUS-00281
DEV-000487,phone,iOS 19.4,357249463165838,fp_ffbd85e3bf3b96f6b14c9bbd03af2d3ac2c5d921,2015-03-07,CUS-00282
DEV-000488,phone,iOS 19.4,358573296918619,fp_838223a41c1ec3ed9afc6854f646c7dda5495caf,2025-04-07,CUS-00283
DEV-000489,laptop,macOS 16.2,,fp_88a738132e3473fc71a05c6cdac3de59fa737f23,2025-04-07,CUS-00283
DEV-000490,phone,iOS 19.4,357560425172315,fp_fec800fd52ad41f152b3b6ebb9e3ff443c50ae15,2013-04-01,CUS-00284
DEV-000491,phone,Android 16,352464276544297,fp_b648385a851130a86fad81019ea0adecc2dfd14b,2018-04-18,CUS-00285
DEV-000492,phone,iOS 19.4,358706423660646,fp_fec5e8e21fa10e6a473388bc9b26eb47318a499d,2021-07-23,CUS-00286
DEV-000493,phone,iOS 19.4,351708962641148,fp_9a438cdc3bc25c12a722a7480a14cace375aae70,2019-07-02,CUS-00287
DEV-000494,phone,Android 16,354513697875883,fp_2f310a42404ce18c4bd5276711e7297f4c50492c,2025-02-03,CUS-00288
DEV-000495,laptop,macOS 16.2,,fp_858cce877aa8111db824459dafe323bbd9c2c030,2025-02-03,CUS-00288
DEV-000496,tablet,iPadOS 19.4,,fp_bb228c9316a8a9d440cd1e0c41d459233697754a,2025-02-03,CUS-00288
DEV-000497,phone,Android 16,357773601425280,fp_0f3ace6108fb275b8a1de999d8f312e8a80c81d6,2025-02-03,CUS-00289
DEV-000498,phone,iOS 19.4,352963568349408,fp_227b9b148205d0ad68f281dbe3a99a3ccdd86e0f,2016-01-08,CUS-00290
DEV-000499,phone,Android 16,353422166528236,fp_77e8b2493d1cd2a386659e1e62f858ad067a9194,2013-05-11,CUS-00291
DEV-000500,laptop,macOS 16.2,,fp_d2ec4519ed7c65a468ea450167b3262c82eaacaa,2013-05-11,CUS-00291
DEV-000501,phone,Android 16,356996499999695,fp_9267e00ae7d884c1e74b3e9ef5e485ff215b2849,2017-10-22,CUS-00292
DEV-000502,laptop,macOS 16.2,,fp_a7ce0199e19656cfcbda957ec12d6487f132be70,2017-10-22,CUS-00292
DEV-000503,phone,Android 16,352881040581425,fp_6863cf6bcc018719eda9bce6ce7827cd0ee8e7e8,2012-01-21,CUS-00293
DEV-000504,phone,Android 16,356309740886040,fp_3e7add42985e3d75658ae0519b4124d691c86f4c,2018-08-26,CUS-00294
DEV-000505,phone,iOS 19.4,351302109439371,fp_b68d2e8ded12f5d92d6fec35b163b2a5d2e64722,2011-02-01,CUS-00295
DEV-000506,phone,Android 16,355234856474942,fp_a0ec3b4c01231d2058a46ef1881869fbfac4fb39,2025-08-05,CUS-00296
DEV-000507,laptop,macOS 16.2,,fp_64cd502795afe91695a84c06fbcdd23c12a9f26a,2025-08-05,CUS-00296
DEV-000508,tablet,Android 16,,fp_57b169880280ec069d47efd689ed6dc3789474cd,2025-08-05,CUS-00296
DEV-000509,phone,iOS 19.4,351373358453277,fp_a2f283365fc3e1cadb3d87b424ceae7c54eb2842,2025-08-05,CUS-00297
DEV-000510,phone,Android 16,355600124380017,fp_f2d469161d4df55fb3caa2439969381678ba571d,2024-04-20,CUS-00298
DEV-000511,phone,iOS 19.4,354496387840774,fp_f208aac127ed45bdbcd48279b14fd1230b15f2c2,2019-12-07,CUS-00299
DEV-000512,laptop,macOS 16.2,,fp_57918465a775196602604aff2bcfada83de7b95a,2019-12-07,CUS-00299
DEV-000513,phone,iOS 19.4,357760230591090,fp_4bd64b6be0422c381cc8b885c1bdd20af57e3eba,2009-05-23,CUS-00300
DEV-000514,phone,iOS 19.4,352212717952589,fp_fa6d5fa04e7ae62af4d65d6b52fdd2540e3d2f5a,2013-01-03,CUS-00301
DEV-000515,laptop,macOS 16.2,,fp_fde30fb89090c0ba1338669938db4b8f72674adf,2013-01-03,CUS-00301
DEV-000516,phone,iOS 19.4,358054627175695,fp_90f962fc5018b47067d3f4e0fecf62677df023a4,2015-04-01,CUS-00302
DEV-000517,phone,Android 16,359763252167845,fp_395285f2c867b27a58c177a885dbb765f058405c,2015-06-23,CUS-00303
DEV-000518,laptop,Windows 11 24H2,,fp_1e71d1e731f88a67ad7860642b8e18e9989dccb7,2015-06-23,CUS-00303
DEV-000519,phone,iOS 19.4,352278423309404,fp_6bda5abdc095f4a021b3723b408efde2559965ba,2024-06-17,CUS-00304
DEV-000520,laptop,Windows 11 24H2,,fp_d4451b5a11321dce92de782e94ad6923d239b5a1,2024-06-17,CUS-00304
DEV-000521,tablet,Android 16,,fp_3b7492396212d14b442efa9f40535b71b479614f,2024-06-17,CUS-00304
DEV-000522,phone,iOS 19.4,356596217614434,fp_a7313f999bc6a8550b845cd704e3f8208c2d89b8,2026-02-27,CUS-00305
DEV-000523,phone,Android 16,355004291439334,fp_6ba4b5eaacd74145f36c6ad6e6431e13872cfc02,2013-04-25,CUS-00306
DEV-000524,laptop,Windows 11 24H2,,fp_55fba842aff9024d63d062eee6136616b6e2adc6,2013-04-25,CUS-00306
DEV-000525,phone,iOS 19.4,355542107463637,fp_e67d9da7fe0d3c1297dd421ca3175168ee1ab51e,2008-08-17,CUS-00307
DEV-000526,phone,iOS 19.4,353432375981886,fp_25e05d3bd8604e61eb808ea919fbd253fb019be0,2010-11-18,CUS-00308
DEV-000527,phone,iOS 19.4,351541124113504,fp_847671000ebef5dfbd866267949c8f8cf255c110,2009-08-25,CUS-00309
DEV-000528,laptop,Windows 11 24H2,,fp_540c25fcbae038e323576d87675e6888e2f65760,2009-08-25,CUS-00309
DEV-000529,phone,Android 16,359141362869493,fp_07436247acceb358fe2a931354a47d7deb1230dc,2013-08-23,CUS-00310
DEV-000530,phone,iOS 19.4,357262404877970,fp_7e60791be9df3c0c605eb4c2e0578f6e8f9a3061,2024-01-11,CUS-00311
DEV-000531,laptop,macOS 16.2,,fp_a95803c9683ecd765d4f9ad53966205914ec4637,2024-01-11,CUS-00311
DEV-000532,phone,iOS 19.4,357323578773031,fp_a2c1a5032c59a2395ffd87176125f0032076d38c,2024-02-21,CUS-00312
DEV-000533,laptop,macOS 16.2,,fp_fcd38ea9f293ed2bb49e5d19ea7e80949720c12f,2024-02-21,CUS-00312
DEV-000534,phone,Android 16,359027253608966,fp_128a889e8ec4b8f42be050c53dc946a82da215b8,2010-03-22,CUS-00313
DEV-000535,laptop,Windows 11 24H2,,fp_e455747835f8510687de484007185b2aa529c7f6,2010-03-22,CUS-00313
DEV-000536,phone,Android 16,356925729905839,fp_2c55d7d847781d06b3e195527efce2c5febc061e,2008-02-12,CUS-00314
DEV-000537,laptop,Windows 11 24H2,,fp_a9fd58858030423c958d1b35e7cad86e88be5ce0,2008-02-12,CUS-00314
DEV-000538,phone,Android 16,358072158044378,fp_314c80644671db1d94508b594e779c573d5848f7,2024-05-25,CUS-00315
DEV-000539,laptop,macOS 16.2,,fp_e5c33ac474f7796ecc38f5dec8db18369465082d,2024-05-25,CUS-00315
DEV-000540,phone,iOS 19.4,353461546510558,fp_a48a13444b5e14db8d5c64368ece694e1314f755,2024-12-11,CUS-00316
DEV-000541,laptop,Windows 11 24H2,,fp_b8e6beea8ca4337dc59ce6f96065fb30999bdb26,2024-12-11,CUS-00316
DEV-000542,phone,iOS 19.4,358116828344680,fp_3d3dee2b9da88adf155cc713e180333d98128afc,2018-10-16,CUS-00317
DEV-000543,laptop,Windows 11 24H2,,fp_9593264ee93952c8c28d81469ef5537ba825f972,2018-10-16,CUS-00317
DEV-000544,phone,iOS 19.4,352544160459856,fp_fda827ddeb13b1ffa04998ad76b88e69d8839335,2021-07-01,CUS-00318
DEV-000545,laptop,macOS 16.2,,fp_6b3f731af3d2e7365b20e3e1c432706d9280c0e1,2021-07-01,CUS-00318
DEV-000546,phone,Android 16,357512603211237,fp_f47e3d4d8c761b77dea6592deda82fc74764de61,2022-12-06,CUS-00319
DEV-000547,laptop,macOS 16.2,,fp_1547cd1240a8cd154e58572bde3050b5f26858e0,2022-12-06,CUS-00319
DEV-000548,phone,Android 16,352496701133877,fp_86331ead7b13e2c473879fa352bb6c3ea1ecb198,2018-04-23,CUS-00320
DEV-000549,laptop,macOS 16.2,,fp_4b89f868d357f56659199de73543ac9d2ab6b678,2018-04-23,CUS-00320
DEV-000550,phone,Android 16,358594240530046,fp_269d057ff78aaada3c4349627c0545815dbb308f,2024-10-22,CUS-00321
DEV-000551,laptop,Windows 11 24H2,,fp_d6d410efb40061c46810e119e80d4de1d891b4dc,2024-10-22,CUS-00321
DEV-000552,phone,Android 16,358148920758411,fp_af9532bdf4870e1bf300ece3adebf7ede630427b,2015-05-26,CUS-00322
DEV-000553,phone,iOS 19.4,353991084829801,fp_66f746dc65233bd1493758de9971ba21c9c3f679,2023-08-24,CUS-00323
DEV-000554,phone,Android 16,353909901853485,fp_813f3f94e0e0f34c2987b7b501bb9774d36801c2,2010-11-22,CUS-00324
DEV-000555,phone,iOS 19.4,358254424252774,fp_bfd61093862d5c36fef6b8827bae12b1a99dd096,2013-03-13,CUS-00325
DEV-000556,phone,iOS 19.4,354633824455978,fp_db8bc68551277635b47e1d770208d68bb2271634,2011-11-09,CUS-00326
DEV-000557,phone,Android 16,355986143671869,fp_4ebd21d18b01f9fc56118ade678fdcfb01de5e63,2014-12-07,CUS-00327
DEV-000558,laptop,Windows 11 24H2,,fp_d5c103e6491ca71868198cccb23638a317141aa7,2014-12-07,CUS-00327
DEV-000559,phone,Android 16,353244683450904,fp_ab5cf272f1bd89d5ec72a464f5db6c774bb4be21,2011-11-09,CUS-00328
DEV-000560,phone,iOS 19.4,359807255805891,fp_46c889891a0efc9646d4fdd0a0acda62ba56c331,2023-07-08,CUS-00329
DEV-000561,laptop,macOS 16.2,,fp_ea33c08e3cfd9521ee81dfe5075b1422bda09e90,2023-07-08,CUS-00329
DEV-000562,phone,Android 16,358356222204653,fp_274828c1d77201aabfb9d4174e9a3e1885a023ec,2019-06-24,CUS-00330
DEV-000563,laptop,Windows 11 24H2,,fp_bfcffe340d4b7ccb349dba7ce7bce39c9d328058,2019-06-24,CUS-00330
DEV-000564,phone,iOS 19.4,355098469885993,fp_d825262e7bf5f9da694a6bb2f79e9c054ee4d1d8,2019-08-09,CUS-00331
DEV-000565,laptop,Windows 11 24H2,,fp_86f1d1690c3a452db16bd1c02e8943b11c111ecf,2019-08-09,CUS-00331
DEV-000566,phone,iOS 19.4,352682099143104,fp_e25e56839616edd5d17d7f3e6b82f90dc8caf15d,2023-07-10,CUS-00332
DEV-000567,phone,iOS 19.4,352917055588480,fp_8e517ade6c4da1feed4dd1cd17d129f8ce0730d4,2015-06-01,CUS-00333
DEV-000568,laptop,macOS 16.2,,fp_965377bb7cbad3684d4846a3d707bcf909a76e0c,2015-06-01,CUS-00333
DEV-000569,phone,Android 16,356358971221708,fp_dc47142c1239b867ac46a5df70aaf9ac9b8d80e8,2024-12-08,CUS-00334
DEV-000570,laptop,macOS 16.2,,fp_6e01f23fa1f01e1794cef2dc8f37cd18b56250e0,2024-12-08,CUS-00334
DEV-000571,phone,Android 16,357390936702737,fp_a94a09694bd996fd0066e35b9c065aeb8a22d0dd,2017-09-16,CUS-00335
DEV-000572,laptop,macOS 16.2,,fp_ed8735cc637d56e241b51a98eeb6e419487d0743,2017-09-16,CUS-00335
DEV-000573,phone,Android 16,359821805882432,fp_4fc15e7a9875ab512ef4b3a81bb43557646e37bf,2022-05-27,CUS-00336
DEV-000574,laptop,Windows 11 24H2,,fp_20faf7348e7448322bde8a5548c7eadbc40b9987,2022-05-27,CUS-00336
DEV-000575,phone,iOS 19.4,354335663129437,fp_3209bf71b5bea031f75d79a93d38bc714e42354e,2009-04-24,CUS-00337
DEV-000576,laptop,macOS 16.2,,fp_f0aef7249994b30a4358ad12df9ce7c6fefd2524,2009-04-24,CUS-00337
DEV-000577,phone,iOS 19.4,355527354646025,fp_4e3b9c45ad12d4aa2af33c30b48813dfebb72486,2012-07-07,CUS-00338
DEV-000578,laptop,Windows 11 24H2,,fp_253b2d4bc70e89f1c512aa7031098fa82c260d36,2012-07-07,CUS-00338
DEV-000579,phone,Android 16,353862114505136,fp_74f18a4d2513f5d72c0a344d6d612f13b39334c1,2014-10-03,CUS-00339
DEV-000580,laptop,macOS 16.2,,fp_84844edfb699a20126e451c97a1e9a12de939f1f,2014-10-03,CUS-00339
DEV-000581,phone,Android 16,352802673561726,fp_d1e956ce9a201baf3b2c3c025b09c579aaba618e,2024-02-17,CUS-00340
DEV-000582,laptop,Windows 11 24H2,,fp_8b91044080cc5ed76669d4622b09ab05a8d63a36,2024-02-17,CUS-00340
DEV-000583,phone,Android 16,353938912672176,fp_925aef91348a4fe18b268eed7ffa62a60679d61f,2018-09-26,CUS-00341
DEV-000584,laptop,Windows 11 24H2,,fp_c10216e1930c1489667daf98618bc827920d1cf6,2018-09-26,CUS-00341
DEV-000585,phone,iOS 19.4,352200016830713,fp_46a262d9bcb08ee943f026ef449dbf2ed96a8e2e,2014-04-04,CUS-00342
DEV-000586,laptop,macOS 16.2,,fp_90a61140f2d2a648ca6d5a371b859de9f89cdb24,2014-04-04,CUS-00342
DEV-000587,phone,iOS 19.4,357883543177357,fp_9366371031cff22fbe37bf769b182ae2ebe4f50e,2025-07-18,CUS-00343
DEV-000588,laptop,Windows 11 24H2,,fp_c31e1e066d670ed9e062aa8f17b2e22728351f45,2025-07-18,CUS-00343
DEV-000589,phone,Android 16,351287381321363,fp_8893c2b62b7b3c7afaaab8bc7b1cc3b94642a512,2021-10-22,CUS-00344
DEV-000590,laptop,macOS 16.2,,fp_8acf1e53c1c23b2ce314dc21235d4de48ba1927f,2021-10-22,CUS-00344
DEV-000591,phone,Android 16,352237810774784,fp_dbe1af50e1e173777be53f72168d1f5fc5c335d5,2026-06-11,CUS-00345
DEV-000592,laptop,macOS 16.2,,fp_550a94ac31ed19b85eea8b66518a34260b9382d6,2026-06-11,CUS-00345
DEV-000593,phone,Android 16,352955663540852,fp_8a4747143fe9aa9cfbdff8dd51238cfe5f9f13ac,2013-03-02,CUS-00346
DEV-000594,laptop,macOS 16.2,,fp_28763e07908a823a4d7ac0bf5ba90d76711561e6,2013-03-02,CUS-00346
DEV-000595,phone,Android 16,357069475014433,fp_daac6aec08a5ede79c03d8319fbaf7a64011cd15,2025-12-23,CUS-00347
DEV-000596,laptop,macOS 16.2,,fp_16db93f367e920789c985ed1acc8398a55c0ea02,2025-12-23,CUS-00347
DEV-000597,phone,Android 16,357317863637603,fp_d7b5a6827ab53ab4999b70a992f12657390d0421,2011-01-01,CUS-00348
DEV-000598,laptop,Windows 11 24H2,,fp_065461201d23423801174fda470ce86eb05c55d9,2011-01-01,CUS-00348
DEV-000599,phone,iOS 19.4,355232162575502,fp_cbe24a8644bad684d741a47ccafcd44e32bb7917,2012-07-07,CUS-00349
DEV-000600,laptop,Windows 11 24H2,,fp_2175acec09a0940545c35b0b3049df4726d1fb7e,2012-07-07,CUS-00349
DEV-000601,phone,iOS 19.4,359202236290393,fp_1faafd966acbaafc21c7ceeb6205643678377b4d,2024-05-25,CUS-00350
DEV-000602,laptop,macOS 16.2,,fp_6a1e571a187e3ad6f30babf7ed11ae4774ba0aaf,2024-05-25,CUS-00350
DEV-000603,phone,Android 16,357656431041815,fp_1d9e375dbca36f6555b8f3086f1ebd84a33a23d9,2022-12-06,CUS-00351
DEV-000604,laptop,macOS 16.2,,fp_710cfc97b948c6b9a45d193a96eab75abf2157ba,2022-12-06,CUS-00351
DEV-000605,tablet,iPadOS 19.4,,fp_9a3f1d17d4846f533d1a6a4aee391e45b0923abd,2022-12-06,CUS-00351
DEV-000606,phone,Android 16,358865943496397,fp_c2d07c77f52d1e483d2521c8399cac62dfe0e691,2024-04-26,CUS-00352
DEV-000607,phone,iOS 19.4,353848852567115,fp_78b35b81ef7ac2dbfb43b6ea08b7d05a13573ddd,2011-09-28,CUS-00353
DEV-000608,laptop,macOS 16.2,,fp_3587851e17d3b11401cc2c3550cbb93b26e9108b,2011-09-28,CUS-00353
DEV-000609,phone,Android 16,351427820493973,fp_4ceaf9154075e9f9eac7dfd7d097a03a9e1fc5f9,2022-07-12,CUS-00354
DEV-000610,laptop,Windows 11 24H2,,fp_3792ac98a1fa8864bfe0e8f0e67a3aafdb666348,2022-07-12,CUS-00354
DEV-000611,tablet,Android 16,,fp_3b53b32203a593fbdc73dad95cdf51cde612ce44,2022-07-12,CUS-00354
DEV-000612,phone,Android 16,355001941147055,fp_7c6678c54f2a61324e9db0ff9bb39d1f261c3eaf,2024-08-27,CUS-00355
DEV-000613,phone,iOS 19.4,354255308115907,fp_90cdf31105c5140bfb5f845002d15be149abd583,2011-10-06,CUS-00356
DEV-000614,phone,iOS 19.4,351382181154618,fp_ac69fa52f9a1b2dd1a7124146684504c08dbc0f7,2024-02-13,CUS-00357
DEV-000615,laptop,Windows 11 24H2,,fp_d95328d9e6ed7b35f56530f3f7a844489fd5e7d1,2024-02-13,CUS-00357
DEV-90001-PH,phone,Android 16,352633566653151,fp_0456f8ae2ec8a6d82c0f9ca91aca92fa446c3a1c,2019-03-11,CUS-90001
DEV-90001-LT,laptop,Windows 11 24H2,,fp_c1b9ad7ceced5bab529534be63c38476321c2566,2019-03-11,CUS-90001
DEV-90002-PH,phone,Android 16,357751677187741,fp_59a8a11483ea64908152ef33659f069a1aa2990b,2016-05-02,CUS-90002
DEV-90002-LT,laptop,macOS 16.2,,fp_da6905e3727a3e947a722a38f31687d363a44bc8,2016-05-02,CUS-90002
DEV-90003-PH,phone,Android 16,352611166764942,fp_fcc303a784b27a00426bf9b43087eb64e552853b,2014-08-19,CUS-90003
DEV-90003-LT,laptop,Windows 11 24H2,,fp_f11da69cc8a81b3f2f9d4e61f32b3e964d78216e,2014-08-19,CUS-90003
DEV-90004-PH,phone,iOS 19.4,356701822915156,fp_f76909d6732667358afe4a741b6e4e1f22cf9c54,2012-02-10,CUS-90004
DEV-90004-LT,laptop,Windows 11 24H2,,fp_4726c0906b470b09a23effa8753c1905e6857d07,2012-02-10,CUS-90004
DEV-90005-PH,phone,iOS 19.4,359454960068346,fp_0c603d59f8f16c84d2d3c880772468b1d8d90729,2015-10-01,CUS-90005
DEV-90005-LT,laptop,Windows 11 24H2,,fp_8faab7f3f52de2f19aac3281cb88bac443e8d037,2015-10-01,CUS-90005
DEV-90006-PH,phone,iOS 19.4,352680674504942,fp_aeaba7211f0e8b4313d177a634b5dca36dcd688d,2020-02-14,CUS-90006
DEV-90006-LT,laptop,macOS 16.2,,fp_0bab475892f24b83a171e6f7f0a0b1b5b2deb0f8,2020-02-14,CUS-90006
DEV-90007-PH,phone,iOS 19.4,355236025763641,fp_611cfc55f995d061329ba97e43979d7aeb8d45f9,2011-06-30,CUS-90007
DEV-90007-LT,laptop,Windows 11 24H2,,fp_ce04c05e9c037b2dea244bee7e3e8cdd526cb06f,2011-06-30,CUS-90007
DEV-90008-PH,phone,iOS 19.4,357559257486658,fp_257b1210b2338f526601bf911f76ea7c8e09405f,2026-09-24,CUS-90008
DEV-90008-LT,laptop,macOS 16.2,,fp_4ddb3e11abad056517823d9a681ea0b5e5f8f5d8,2026-09-24,CUS-90008
DEV-90009-PH,phone,iOS 19.4,355406354541938,fp_9e3a279df1ef11be57f5621222195c8d83e430a7,2021-04-07,CUS-90009
DEV-90009-LT,laptop,Windows 11 24H2,,fp_709b09e04c6e04d9684498a47a387b797b0eeb76,2021-04-07,CUS-90009
DEV-90010-PH,phone,iOS 19.4,356804108976744,fp_7f69780e67ee6e65f2231b19b60b96c48dfdfa36,2013-09-01,CUS-90010
DEV-90010-LT,laptop,macOS 16.2,,fp_fc018ea0a6144d64f45670105dc88f0fc06f81d7,2013-09-01,CUS-90010
DEV-90010-TB,tablet,iPadOS 19.4,,fp_108e5041b92a24a179f92e1dcb92042656ab5bf3,2013-09-01,CUS-90010
DEV-90011-PH,phone,Android 16,357762404930189,fp_cc8545a1a0bc8d7670e23c8d75044d5beba5a183,2016-02-01,CUS-90011
DEV-90012-PH,phone,Android 16,355728376467542,fp_de05fbcf723adc85cc5b5f314153ef685702d035,2017-05-22,CUS-90012
DEV-90012-LT,laptop,macOS 16.2,,fp_31f0e9053ca198027549cfde2c52c29158f27de7,2017-05-22,CUS-90012
DEV-RING-A,phone,iOS 19.4,353085926725873,fp_59901c4a083a67efe3e8a9711307839e5a5f0b9e,2026-03-10,CUS-90013
DEV-RING-B,tablet,iPadOS 19.4,,fp_3c41d1c2c44abc40b7a1af5ab821c595ea320f13,2026-04-02,CUS-90014
DEV-90013-PH,phone,iOS 19.4,353321423131807,fp_0fc05933720ba29272abbcc938cc61d4eb116e49,2026-03-10,CUS-90013
DEV-90013-LT,laptop,macOS 16.2,,fp_53cbc0a5eabb0e905c09438850879ce7008ab380,2026-03-10,CUS-90013
DEV-90014-PH,phone,iOS 19.4,359353914955574,fp_f1724cdcab90d6aefa375387949faefb2ae11b54,2026-04-02,CUS-90014
DEV-90014-LT,laptop,macOS 16.2,,fp_5db1f2d273b0b1ccf662a5320a0d0d2eb8206d8a,2026-04-02,CUS-90014
DEV-90015-PH,phone,iOS 19.4,355041890252566,fp_dcd1bebdf6ee44aaf8201b40f41f8e4e5ebe50c5,2026-04-20,CUS-90015
DEV-90015-LT,laptop,Windows 11 24H2,,fp_068ae86a1ec3842c58cc1bb01ac93c079bb14c9b,2026-04-20,CUS-90015
DEV-90016-PH,phone,iOS 19.4,358540857319940,fp_fc98466bfc0a16aef0e137798465a01d0a374273,2026-05-11,CUS-90016
DEV-90016-LT,laptop,macOS 16.2,,fp_4d501db21c5b0ee5640e61b8fb949534185560a3,2026-05-11,CUS-90016
DEV-90017-PH,phone,Android 16,358548102278858,fp_c2dd556c494b875ca41b700449fb3792c51a4c3b,2014-07-15,CUS-90017
DEV-90017-LT,laptop,macOS 16.2,,fp_d042531c0450be5cf85f05e0f532333f64eea56c,2014-07-15,CUS-90017
DEV-90018-PH,phone,iOS 19.4,353546012109985,fp_626ad03108731a2619ab04d23e1016cbad9a5ab7,2018-01-08,CUS-90018
DEV-90018-LT,laptop,Windows 11 24H2,,fp_addd713e814807935107f6107375189eb19e075c,2018-01-08,CUS-90018
DEV-90019-PH,phone,Android 16,351190450174105,fp_ac2fd87d742f92a9bc82b06b7d187afcdcab3852,2010-03-03,CUS-90019
DEV-90019-LT,laptop,Windows 11 24H2,,fp_cd872955223b862a484ec393e219d3ca3414b81d,2010-03-03,CUS-90019
DEV-90020-PH,phone,iOS 19.4,354783754685430,fp_41c6726e67f65937d6d13a4944a304dd934d970f,2018-09-09,CUS-90020
DEV-90020-LT,laptop,macOS 16.2,,fp_23ad963c19979470d20a79fdcca9704e7c159125,2018-09-09,CUS-90020
DEV-90021-PH,phone,Android 16,353985418001476,fp_6ad41bb809d24aa8960bd7f7da5adce99ff51ea4,2019-12-01,CUS-90021
DEV-90021-LT,laptop,Windows 11 24H2,,fp_3a5988115526964571bb3de780262cdbb6855e37,2019-12-01,CUS-90021
DEV-90022-PH,phone,iOS 19.4,351221859504849,fp_42f72a826b5ba0df7e4d97d65a800a8f4186da24,2009-05-05,CUS-90022
DEV-90022-LT,laptop,Windows 11 24H2,,fp_0e34a497df6dbded7b8b4453205243a264cd017f,2009-05-05,CUS-90022
DEV-90023-PH,phone,Android 16,352262885668754,fp_d87bdafd48ddc6ebe2afb205df99e92153817a2a,2017-04-04,CUS-90023
DEV-90023-LT,laptop,macOS 16.2,,fp_77281a2328f05b2d24946051505b2bceac1593ce,2017-04-04,CUS-90023
DEV-90024-PH,phone,iOS 19.4,358168641986045,fp_db0a21f765d00b530356ce703f6821e168e6959f,2016-11-11,CUS-90024
DEV-90024-LT,laptop,Windows 11 24H2,,fp_061e2c88a335075abf38d6fd8259c0856b01c249,2016-11-11,CUS-90024
