case_id,account_id,customer_id,card_id,regime,status,stage,opened_at,intake_channel,intake_authenticated_via,claim_summary,claim_family_initial,network,network_condition,dispute_amount,provisional_credit_amount,provisional_credit_at,network_case_ref,dispute_processing_date,response_processing_date,pre_arb_processing_date,cardholder_outcome,network_outcome,closed_at,assigned_queue,related_case_ids
DSP-2025-00021,ACC-CR-00199,CUS-00232,CRD-000265,REG_Z,closed,closed,2025-12-08T20:54:00Z,secure_message,ivr_otp,Cardholder does not recognize and did not authorize an online purchase.,fraud_cnp,VISA,10.4,141.71,141.71,2025-12-13T16:00:00Z,VRL6363890638,2025-12-14,2026-01-04,,denied,merchant_won_pre_arb,2026-01-12T22:00:00Z,fraud_cnp,
DSP-2025-00024,ACC-CR-00286,CUS-00336,CRD-000384,REG_Z,closed,closed,2025-12-20T15:32:00Z,secure_message,ivr_otp,Paid for an order that never arrived.,not_received,VISA,13.1,703.98,703.98,2025-12-23T16:00:00Z,VRL1474187418,2025-12-28,,,credited,issuer_won,2026-01-27T22:00:00Z,consumer_disputes,
DSP-2025-00029,ACC-CR-00117,CUS-00132,CRD-000151,REG_Z,closed,closed,2025-12-28T20:20:00Z,app_chat,ivr_otp,Returned item; merchant promised refund that never posted.,credit_not_processed,VISA,13.6,78.70,78.70,2026-01-02T16:00:00Z,VRL5967538204,2026-01-01,,,credited,issuer_won,2026-01-31T22:00:00Z,consumer_disputes,
DSP-2025-00068,ACC-CR-00292,CUS-00343,CRD-000392,REG_Z,closed,closed,2025-12-11T23:06:00Z,app_chat,ivr_otp,Cardholder does not recognize and did not authorize an online purchase.,fraud_cnp,VISA,10.4,433.30,433.30,2025-12-13T16:00:00Z,VRL9860993276,2025-12-20,,,credited,issuer_won,2026-02-07T22:00:00Z,fraud_cnp,
DSP-2025-00077,ACC-CR-00170,CUS-00198,CRD-000225,REG_Z,closed,closed,2025-12-25T23:30:00Z,phone,ivr_otp,Cardholder does not recognize and did not authorize an online purchase.,fraud_cnp,VISA,10.4,24.25,24.25,2025-12-30T16:00:00Z,VRL3933045896,2026-01-02,2026-01-23,,denied,merchant_won_pre_arb,2026-02-10T22:00:00Z,fraud_cnp,
DSP-2025-00083,ACC-CR-00255,CUS-00298,CRD-000339,REG_Z,closed,closed,2025-12-27T23:12:00Z,app_chat,ivr_otp,Subscription was cancelled but charges continued.,cancelled_recurring,VISA,13.2,22.99,22.99,2025-12-30T16:00:00Z,VRL1828228142,2026-01-01,,,credited,issuer_won,2026-02-13T22:00:00Z,consumer_disputes,
DSP-2025-00152,ACC-CR-00042,CUS-00049,CRD-000054,REG_Z,closed,closed,2025-12-29T22:57:00Z,phone,ivr_otp,Cardholder does not recognize and did not authorize an online purchase.,fraud_cnp,VISA,10.4,515.14,515.14,2026-01-03T16:00:00Z,VRL4690676545,2026-01-02,,,credited,issuer_won,2026-02-22T22:00:00Z,fraud_cnp,
DSP-2025-00168,ACC-CR-00171,CUS-00199,CRD-000226,REG_Z,closed,closed,2025-12-17T19:56:00Z,secure_message,ivr_otp,Charged more than the receipt amount.,incorrect_amount,VISA,12.5,13.52,13.52,2025-12-18T16:00:00Z,VRL5036709729,2025-12-20,,,partial_credit,issuer_won,2026-01-16T22:00:00Z,consumer_disputes,
DSP-2025-00203,ACC-CR-00246,CUS-00287,CRD-000327,REG_Z,closed,closed,2025-12-30T16:22:00Z,secure_message,ivr_otp,Returned item; merchant promised refund that never posted.,credit_not_processed,VISA,,60.99,,,,,,,withdrawn,not_filed,2026-01-10T22:00:00Z,consumer_disputes,
DSP-2025-08009,ACC-CR-00063,CUS-00072,CRD-000079,REG_Z,closed,closed,2025-11-06T15:00:00Z,phone,ivr_otp,Did not authorize game purchase.,fraud_cnp,VISA,10.4,59.99,,,,2025-11-09,,,denied,merchant_won_pre_arb,2025-12-18T21:00:00Z,fraud_cnp,
DSP-2025-90003,ACC-CR-90003,CUS-90003,CRD-90003,REG_Z,closed,closed,2025-08-12T13:40:00Z,phone,ivr_otp,Cancelled streaming but charged again.,cancelled_recurring,VISA,13.2,22.99,,,,2025-08-15,,,credited,issuer_won,2025-09-19T20:00:00Z,consumer_disputes,
DSP-2026-00001,ACC-DDA-00009,CUS-00067,CRD-000074,REG_E,closed,closed,2026-07-11T18:54:00Z,app_chat,ivr_otp,Returned item; merchant promised refund that never posted.,credit_not_processed,VISA,,18.30,,,,,,,withdrawn,not_filed,2026-07-14T21:00:00Z,consumer_disputes,
DSP-2026-00002,ACC-CR-00291,CUS-00342,CRD-000391,REG_Z,open,awaiting_merchant_evidence,2026-10-11T15:05:00Z,app_chat,ivr_otp,Paid for an order that never arrived.,not_received,VISA,,123.37,123.37,2026-10-15T15:00:00Z,,,,,,,,consumer_disputes,
DSP-2026-00003,ACC-CR-00099,CUS-00112,CRD-000127,REG_Z,closed,closed,2026-05-05T17:16:00Z,phone,ivr_otp,Item received is defective / not as described.,not_as_described,VISA,13.3,96.14,96.14,2026-05-08T15:00:00Z,VRL4710284190,2026-05-08,,,credited,issuer_won,2026-06-25T21:00:00Z,consumer_disputes,
DSP-2026-00004,ACC-CR-00300,CUS-00351,CRD-000404,REG_Z,closed,closed,2026-08-13T21:06:00Z,secure_message,ivr_otp,Cardholder does not recognize and did not authorize an online purchase.,fraud_cnp,VISA,10.4,572.37,572.37,2026-08-16T15:00:00Z,VRL2983477925,2026-08-21,,,credited,issuer_won,2026-09-15T21:00:00Z,fraud_cnp,
DSP-2026-00005,ACC-DDA-00068,CUS-00317,CRD-000364,REG_E,open,awaiting_merchant_evidence,2026-10-15T21:01:00Z,secure_message,ivr_otp,Cardholder does not recognize and did not authorize an online purchase.,fraud_cnp,VISA,,247.77,247.77,2026-10-17T15:00:00Z,,,,,,,,fraud_cnp,
DSP-2026-00006,ACC-CR-00070,CUS-00082,CRD-000091,REG_Z,closed,closed,2026-08-23T19:53:00Z,phone,ivr_otp,Paid for an order that never arrived.,not_received,VISA,13.1,106.25,106.25,2026-08-25T15:00:00Z,VRL7580389132,2026-08-31,2026-09-18,,denied,merchant_won,2026-09-29T21:00:00Z,consumer_disputes,
DSP-2026-00007,ACC-CR-00303,CUS-00356,CRD-000409,REG_Z,closed,closed,2026-04-13T17:44:00Z,app_chat,ivr_otp,Returned item; merchant promised refund that never posted.,credit_not_processed,VISA,13.6,138.00,138.00,2026-04-16T15:00:00Z,VRL2510887517,2026-04-17,,,credited,issuer_won,2026-06-09T21:00:00Z,consumer_disputes,
DSP-2026-00008,ACC-CR-00035,CUS-00041,CRD-000045,REG_Z,closed,closed,2026-06-07T13:10:00Z,secure_message,ivr_otp,Cardholder does not recognize and did not authorize an online purchase.,fraud_cnp,VISA,10.4,465.74,465.74,2026-06-09T15:00:00Z,VRL9086387121,2026-06-11,,,credited,issuer_won,2026-07-25T21:00:00Z,fraud_cnp,
DSP-2026-00009,ACC-CR-00093,CUS-00105,CRD-000118,REG_Z,closed,closed,2026-08-31T14:32:00Z,secure_message,ivr_otp,Subscription was cancelled but charges continued.,cancelled_recurring,VISA,13.2,65.00,65.00,2026-09-05T15:00:00Z,VRL6251835722,2026-09-09,2026-10-08,,denied,merchant_won,2026-10-23T21:00:00Z,consumer_disputes,
DSP-2026-00010,ACC-CR-00027,CUS-00033,CRD-000036,REG_Z,closed,closed,2026-06-16T12:02:00Z,secure_message,ivr_otp,Cardholder does not recognize and did not authorize an online purchase.,fraud_cnp,VISA,10.4,814.20,814.20,2026-06-21T15:00:00Z,VRL9375466731,2026-06-19,,,credited,issuer_won,2026-08-02T21:00:00Z,fraud_cnp,
DSP-2026-00011,ACC-CR-00299,CUS-00350,CRD-000402,REG_Z,open,dispute_filed,2026-09-24T18:50:00Z,secure_message,ivr_otp,Returned item; merchant promised refund that never posted.,credit_not_processed,VISA,13.6,189.94,189.94,2026-09-29T15:00:00Z,VRL9501867945,2026-09-30,,,,,,consumer_disputes,
DSP-2026-00012,ACC-CR-00268,CUS-00312,CRD-000358,REG_Z,open,investigating,2026-10-03T21:34:00Z,secure_message,ivr_otp,Does not recognize merchant name on statement.,descriptor_confusion,VISA,,14.22,,,,,,,,,,consumer_disputes,
DSP-2026-00013,ACC-CR-00301,CUS-00353,CRD-000406,REG_Z,open,awaiting_merchant_evidence,2026-10-15T21:56:00Z,app_chat,ivr_otp,Cardholder does not recognize and did not authorize an online purchase.,fraud_cnp,VISA,,747.05,747.05,2026-10-18T15:00:00Z,,,,,,,,fraud_cnp,
DSP-2026-00014,ACC-CR-00301,CUS-00353,CRD-000406,REG_Z,open,investigating,2026-10-16T18:14:00Z,app_chat,ivr_otp,Item received is defective / not as described.,not_as_described,VISA,,21.31,21.31,2026-10-20T15:00:00Z,,,,,,,,consumer_disputes,
DSP-2026-00015,ACC-DDA-00070,CUS-00319,CRD-000366,REG_E,open,dispute_filed,2026-09-26T13:27:00Z,secure_message,ivr_otp,Cancelled order within policy; no refund.,cancelled_merch,VISA,13.7,45.37,45.37,2026-09-30T15:00:00Z,VRL6284782486,2026-10-02,,,,,,consumer_disputes,
DSP-2026-00016,ACC-CR-00296,CUS-00347,CRD-000397,REG_Z,open,investigating,2026-10-17T21:59:00Z,secure_message,ivr_otp,Subscription was cancelled but charges continued.,cancelled_recurring,VISA,,22.99,22.99,2026-10-20T15:00:00Z,,,,,,,,consumer_disputes,
DSP-2026-00017,ACC-CR-00154,CUS-00180,CRD-000202,REG_Z,closed,closed,2026-02-20T13:17:00Z,app_chat,ivr_otp,Item received is defective / not as described.,not_as_described,VISA,13.3,201.97,201.97,2026-02-24T16:00:00Z,VRL8489667953,2026-02-27,2026-03-20,,denied,merchant_won,2026-04-12T21:00:00Z,consumer_disputes,
DSP-2026-00018,ACC-CR-00287,CUS-00337,CRD-000385,REG_Z,open,dispute_filed,2026-09-18T16:50:00Z,phone,ivr_otp,Cardholder does not recognize and did not authorize an online purchase.,fraud_cnp,VISA,10.4,470.77,470.77,2026-09-20T15:00:00Z,VRL6951028795,2026-09-26,,,,,,fraud_cnp,
DSP-2026-00019,ACC-CR-00293,CUS-00344,CRD-000393,REG_Z,closed,closed,2026-07-16T15:27:00Z,secure_message,ivr_otp,Charged more than the receipt amount.,incorrect_amount,VISA,12.5,14.20,14.20,2026-07-21T15:00:00Z,VRL2583977812,2026-07-19,,,partial_credit,issuer_won,2026-08-01T21:00:00Z,consumer_disputes,
DSP-2026-00020,ACC-CR-00149,CUS-00173,CRD-000194,REG_Z,closed,closed,2026-06-20T17:49:00Z,phone,ivr_otp,Cardholder does not recognize and did not authorize an online purchase.,fraud_cnp,VISA,10.4,224.26,224.26,2026-06-24T15:00:00Z,VRL9515613905,2026-06-23,,,credited,issuer_won,2026-07-05T21:00:00Z,fraud_cnp,
DSP-2026-00022,ACC-CR-00074,CUS-00086,CRD-000096,REG_Z,closed,closed,2026-02-24T13:16:00Z,secure_message,ivr_otp,Cardholder does not recognize and did not authorize an online purchase.,fraud_cnp,VISA,10.4,1131.17,1131.17,2026-02-28T16:00:00Z,VRL5682723384,2026-02-27,,,credited,issuer_won,2026-04-14T21:00:00Z,fraud_cnp,
DSP-2026-00023,ACC-CR-00197,CUS-00230,CRD-000263,REG_Z,closed,closed,2026-03-10T20:59:00Z,secure_message,ivr_otp,Cancelled order within policy; no refund.,cancelled_merch,VISA,13.7,52.16,52.16,2026-03-12T15:00:00Z,VRL3095209244,2026-03-13,2026-04-01,,denied,merchant_won,2026-04-14T21:00:00Z,consumer_disputes,
DSP-2026-00025,ACC-CR-00259,CUS-00302,CRD-000345,REG_Z,closed,closed,2026-09-01T14:24:00Z,app_chat,ivr_otp,Cancelled order within policy; no refund.,cancelled_merch,VISA,13.7,133.29,133.29,2026-09-05T15:00:00Z,VRL6473092016,2026-09-09,,,credited,issuer_won,2026-11-04T22:00:00Z,consumer_disputes,
DSP-2026-00026,ACC-CR-00062,CUS-00071,CRD-000078,REG_Z,closed,closed,2026-06-01T16:31:00Z,app_chat,ivr_otp,Item received is defective / not as described.,not_as_described,VISA,13.3,249.77,249.77,2026-06-05T15:00:00Z,VRL1533193331,2026-06-07,,,credited,issuer_won,2026-07-17T21:00:00Z,consumer_disputes,
DSP-2026-00027,ACC-CR-00112,CUS-00125,CRD-000143,REG_Z,closed,closed,2026-01-27T19:28:00Z,phone,ivr_otp,Does not recognize merchant name on statement.,descriptor_confusion,VISA,,27.41,,,,,,,withdrawn,not_filed,2026-02-01T22:00:00Z,consumer_disputes,
DSP-2026-00028,ACC-CR-00297,CUS-00348,CRD-000399,REG_Z,closed,closed,2026-08-04T13:11:00Z,app_chat,ivr_otp,Does not recognize merchant name on statement.,descriptor_confusion,VISA,,85.07,,,,,,,withdrawn,not_filed,2026-08-16T21:00:00Z,consumer_disputes,
DSP-2026-00030,ACC-CR-00103,CUS-00116,CRD-000132,REG_Z,open,investigating,2026-09-19T22:20:00Z,app_chat,ivr_otp,Does not recognize merchant name on statement.,descriptor_confusion,VISA,,56.77,,,,,,,,,,consumer_disputes,
DSP-2026-00031,ACC-CR-00130,CUS-00151,CRD-000171,REG_Z,closed,closed,2026-06-28T17:03:00Z,secure_message,ivr_otp,Cardholder does not recognize and did not authorize an online purchase.,fraud_cnp,VISA,10.4,202.00,202.00,2026-07-03T15:00:00Z,VRL5746915183,2026-07-08,,,credited,issuer_won,2026-07-19T21:00:00Z,fraud_cnp,
DSP-2026-00032,ACC-CR-00217,CUS-00255,CRD-000291,REG_Z,closed,closed,2026-07-31T22:20:00Z,app_chat,ivr_otp,Returned item; merchant promised refund that never posted.,credit_not_processed,VISA,13.6,25.40,25.40,2026-08-04T15:00:00Z,VRL6646842209,2026-08-05,,,credited,issuer_won,2026-08-21T21:00:00Z,consumer_disputes,
DSP-2026-00033,ACC-CR-00006,CUS-00006,CRD-000006,REG_Z,closed,closed,2026-01-17T14:36:00Z,app_chat,ivr_otp,Paid for an order that never arrived.,not_received,VISA,13.1,67.80,67.80,2026-01-18T16:00:00Z,VRL4016328655,2026-01-27,,,credited,issuer_won,2026-03-24T21:00:00Z,consumer_disputes,
DSP-2026-00034,ACC-CR-00283,CUS-00332,CRD-000380,REG_Z,open,awaiting_merchant_evidence,2026-10-10T13:06:00Z,secure_message,ivr_otp,Cardholder does not recognize and did not authorize an online purchase.,fraud_cnp,VISA,,497.51,497.51,2026-10-13T15:00:00Z,,,,,,,,fraud_cnp,
DSP-2026-00035,ACC-CR-00295,CUS-00346,CRD-000396,REG_Z,closed,closed,2026-05-09T20:23:00Z,phone,ivr_otp,Paid for an order that never arrived.,not_received,VISA,13.1,43.63,43.63,2026-05-10T15:00:00Z,VRL8508745466,2026-05-13,2026-06-08,,denied,merchant_won,2026-07-03T21:00:00Z,consumer_disputes,
DSP-2026-00036,ACC-CR-00292,CUS-00343,CRD-000392,REG_Z,closed,closed,2026-01-26T14:31:00Z,secure_message,ivr_otp,Cardholder does not recognize and did not authorize an online purchase.,fraud_cnp,VISA,10.4,98.53,98.53,2026-01-28T16:00:00Z,VRL9540956304,2026-02-02,2026-02-25,,denied,merchant_won_pre_arb,2026-03-22T21:00:00Z,fraud_cnp,
DSP-2026-00037,ACC-CR-00232,CUS-00272,CRD-000308,REG_Z,closed,closed,2026-04-29T17:53:00Z,secure_message,ivr_otp,Does not recognize merchant name on statement.,descriptor_confusion,VISA,,90.79,,,,,,,withdrawn,not_filed,2026-05-02T21:00:00Z,consumer_disputes,
DSP-2026-00038,ACC-CR-00277,CUS-00326,CRD-000374,REG_Z,closed,closed,2026-06-28T19:14:00Z,app_chat,ivr_otp,Does not recognize merchant name on statement.,descriptor_confusion,VISA,,29.59,,,,,,,withdrawn,not_filed,2026-07-03T21:00:00Z,consumer_disputes,
DSP-2026-00039,ACC-DDA-00070,CUS-00319,CRD-000366,REG_E,closed,closed,2026-04-27T19:26:00Z,phone,ivr_otp,Returned item; merchant promised refund that never posted.,credit_not_processed,VISA,13.6,17.72,17.72,2026-05-02T15:00:00Z,VRL8310441326,2026-04-30,,,credited,issuer_won,2026-05-10T21:00:00Z,consumer_disputes,
DSP-2026-00040,ACC-CR-00135,CUS-00158,CRD-000179,REG_Z,closed,closed,2026-06-13T18:09:00Z,phone,ivr_otp,Subscription was cancelled but charges continued.,cancelled_recurring,VISA,13.2,22.99,22.99,2026-06-18T15:00:00Z,VRL3820635589,2026-06-17,,,credited,issuer_won,2026-08-08T21:00:00Z,consumer_disputes,
DSP-2026-00041,ACC-CR-00143,CUS-00167,CRD-000188,REG_Z,closed,closed,2026-05-29T12:20:00Z,phone,ivr_otp,Item received is defective / not as described.,not_as_described,VISA,13.3,478.84,478.84,2026-06-03T15:00:00Z,VRL4452018290,2026-06-02,,,credited,issuer_won,2026-07-22T21:00:00Z,consumer_disputes,
DSP-2026-00042,ACC-CR-00098,CUS-00111,CRD-000126,REG_Z,closed,closed,2026-05-20T20:20:00Z,app_chat,ivr_otp,Charged more than the receipt amount.,incorrect_amount,VISA,12.5,15.88,15.88,2026-05-25T15:00:00Z,VRL6971936097,2026-05-24,,,partial_credit,issuer_won,2026-06-29T21:00:00Z,consumer_disputes,
DSP-2026-00043,ACC-CR-00301,CUS-00353,CRD-000406,REG_Z,closed,closed,2026-07-13T18:56:00Z,app_chat,ivr_otp,Cardholder does not recognize and did not authorize an online purchase.,fraud_cnp,VISA,10.4,5.05,5.05,2026-07-17T15:00:00Z,VRL1433417538,2026-07-19,2026-08-09,,denied,merchant_won_pre_arb,2026-08-18T21:00:00Z,fraud_cnp,
DSP-2026-00044,ACC-DDA-00066,CUS-00313,CRD-000359,REG_E,closed,closed,2026-02-27T19:57:00Z,app_chat,ivr_otp,Cardholder does not recognize and did not authorize an online purchase.,fraud_cnp,VISA,10.4,81.39,81.39,2026-03-03T16:00:00Z,VRL3004555582,2026-03-09,2026-04-05,,denied,merchant_won_pre_arb,2026-04-21T21:00:00Z,fraud_cnp,
DSP-2026-00045,ACC-CR-00077,CUS-00089,CRD-000099,REG_Z,closed,closed,2026-08-19T13:23:00Z,phone,ivr_otp,Cardholder does not recognize and did not authorize an online purchase.,fraud_cnp,VISA,10.4,610.48,610.48,2026-08-23T15:00:00Z,VRL7365424543,2026-08-24,,,credited,issuer_won,2026-10-09T21:00:00Z,fraud_cnp,
DSP-2026-00046,ACC-DDA-00053,CUS-00242,CRD-000277,REG_E,closed,closed,2026-01-05T17:53:00Z,secure_message,ivr_otp,Cardholder does not recognize and did not authorize an online purchase.,fraud_cnp,VISA,10.4,700.62,700.62,2026-01-10T16:00:00Z,VRL3664022295,2026-01-13,,,credited,issuer_won,2026-02-08T22:00:00Z,fraud_cnp,
DSP-2026-00047,ACC-CR-00018,CUS-00023,CRD-000026,REG_Z,open,investigating,2026-10-20T19:54:00Z,secure_message,ivr_otp,Cardholder does not recognize and did not authorize an online purchase.,fraud_cnp,VISA,,240.96,240.96,2026-10-24T15:00:00Z,,,,,,,,fraud_cnp,
DSP-2026-00048,ACC-CR-00193,CUS-00226,CRD-000259,REG_Z,closed,closed,2026-02-26T23:38:00Z,app_chat,ivr_otp,Cardholder does not recognize and did not authorize an online purchase.,fraud_cnp,VISA,10.4,903.51,903.51,2026-03-03T16:00:00Z,VRL8641507911,2026-03-02,,,credited,issuer_won,2026-04-11T21:00:00Z,fraud_cnp,
DSP-2026-00049,ACC-CR-00175,CUS-00204,CRD-000233,REG_Z,closed,closed,2026-08-20T22:10:00Z,secure_message,ivr_otp,Item received is defective / not as described.,not_as_described,VISA,13.3,121.12,121.12,2026-08-25T15:00:00Z,VRL2632179232,2026-08-29,,,credited,issuer_won,2026-09-25T21:00:00Z,consumer_disputes,
DSP-2026-00050,ACC-CR-00295,CUS-00346,CRD-000396,REG_Z,closed,closed,2026-06-19T16:00:00Z,phone,ivr_otp,Cardholder does not recognize and did not authorize an online purchase.,fraud_cnp,VISA,10.4,972.70,972.70,2026-06-24T15:00:00Z,VRL3316136913,2026-06-22,,,credited,issuer_won,2026-07-16T21:00:00Z,fraud_cnp,
DSP-2026-00051,ACC-CR-00075,CUS-00087,CRD-000097,REG_Z,closed,closed,2026-01-11T23:14:00Z,app_chat,ivr_otp,Charged more than the receipt amount.,incorrect_amount,VISA,12.5,8.11,8.11,2026-01-16T16:00:00Z,VRL3919399842,2026-01-21,,,partial_credit,issuer_won,2026-03-01T22:00:00Z,consumer_disputes,
DSP-2026-00052,ACC-CR-00297,CUS-00348,CRD-000399,REG_Z,open,dispute_filed,2026-09-26T16:50:00Z,app_chat,ivr_otp,Cardholder does not recognize and did not authorize an online purchase.,fraud_cnp,VISA,10.4,759.67,759.67,2026-09-30T15:00:00Z,VRL5174142487,2026-09-30,,,,,,fraud_cnp,
DSP-2026-00053,ACC-CR-00296,CUS-00347,CRD-000397,REG_Z,open,investigating,2026-10-18T20:35:00Z,app_chat,ivr_otp,Cardholder does not recognize and did not authorize an online purchase.,fraud_cnp,VISA,,257.54,257.54,2026-10-19T15:00:00Z,,,,,,,,fraud_cnp,
DSP-2026-00054,ACC-CR-00253,CUS-00295,CRD-000336,REG_Z,closed,closed,2026-05-26T18:20:00Z,secure_message,ivr_otp,Cardholder does not recognize and did not authorize an online purchase.,fraud_cnp,VISA,10.4,150.99,150.99,2026-05-30T15:00:00Z,VRL7552716046,2026-05-31,,,credited,issuer_won,2026-07-13T21:00:00Z,fraud_cnp,
DSP-2026-00055,ACC-CR-00286,CUS-00336,CRD-000384,REG_Z,closed,closed,2026-05-09T22:40:00Z,app_chat,ivr_otp,Does not recognize merchant name on statement.,descriptor_confusion,VISA,,53.70,,,,,,,withdrawn,not_filed,2026-05-16T21:00:00Z,consumer_disputes,
DSP-2026-00056,ACC-CR-00046,CUS-00054,CRD-000060,REG_Z,closed,closed,2026-08-09T14:40:00Z,phone,ivr_otp,Cardholder does not recognize and did not authorize an online purchase.,fraud_cnp,VISA,10.4,160.64,160.64,2026-08-10T15:00:00Z,VRL2126481167,2026-08-12,,,credited,issuer_won,2026-10-03T21:00:00Z,fraud_cnp,
DSP-2026-00057,ACC-DDA-00050,CUS-00239,CRD-000274,REG_E,closed,closed,2026-06-13T17:48:00Z,app_chat,ivr_otp,Paid for an order that never arrived.,not_received,VISA,13.1,18.88,18.88,2026-06-14T15:00:00Z,VRL3685661097,2026-06-16,,,credited,issuer_won,2026-07-01T21:00:00Z,consumer_disputes,
DSP-2026-00058,ACC-CR-00262,CUS-00306,CRD-000350,REG_Z,closed,closed,2026-04-24T13:06:00Z,app_chat,ivr_otp,Item received is defective / not as described.,not_as_described,VISA,13.3,17.47,17.47,2026-04-26T15:00:00Z,VRL8170617127,2026-04-29,,,credited,issuer_won,2026-06-08T21:00:00Z,consumer_disputes,
DSP-2026-00059,ACC-CR-00251,CUS-00293,CRD-000334,REG_Z,closed,closed,2026-01-08T17:30:00Z,secure_message,ivr_otp,Returned item; merchant promised refund that never posted.,credit_not_processed,VISA,13.6,104.56,104.56,2026-01-09T16:00:00Z,VRL6384899255,2026-01-17,,,credited,issuer_won,2026-02-19T22:00:00Z,consumer_disputes,
DSP-2026-00060,ACC-CR-00165,CUS-00191,CRD-000216,REG_Z,closed,closed,2026-06-27T12:52:00Z,app_chat,ivr_otp,Item received is defective / not as described.,not_as_described,VISA,13.3,76.30,76.30,2026-07-01T15:00:00Z,VRL9070868559,2026-07-01,,,credited,issuer_won,2026-08-10T21:00:00Z,consumer_disputes,
DSP-2026-00061,ACC-CR-00016,CUS-00019,CRD-000021,REG_Z,open,dispute_filed,2026-09-11T20:50:00Z,app_chat,ivr_otp,Paid for an order that never arrived.,not_received,VISA,13.1,114.21,114.21,2026-09-12T15:00:00Z,VRL3963065267,2026-09-17,,,,,,consumer_disputes,
DSP-2026-00062,ACC-CR-00166,CUS-00192,CRD-000218,REG_Z,open,investigating,2026-10-19T17:10:00Z,phone,ivr_otp,Does not recognize merchant name on statement.,descriptor_confusion,VISA,,3.92,,,,,,,,,,consumer_disputes,
DSP-2026-00063,ACC-CR-00242,CUS-00283,CRD-000322,REG_Z,closed,closed,2026-05-11T17:05:00Z,phone,ivr_otp,Subscription was cancelled but charges continued.,cancelled_recurring,VISA,13.2,54.00,54.00,2026-05-15T15:00:00Z,VRL9209653075,2026-05-19,,,credited,issuer_won,2026-07-01T21:00:00Z,consumer_disputes,
DSP-2026-00064,ACC-CR-00138,CUS-00162,CRD-000183,REG_Z,closed,closed,2026-07-26T19:48:00Z,phone,ivr_otp,Paid for an order that never arrived.,not_received,VISA,13.1,135.16,135.16,2026-07-27T15:00:00Z,VRL8577636298,2026-08-01,,,credited,issuer_won,2026-09-03T21:00:00Z,consumer_disputes,
DSP-2026-00065,ACC-CR-00080,CUS-00092,CRD-000103,REG_Z,closed,closed,2026-04-02T17:40:00Z,phone,ivr_otp,Paid for an order that never arrived.,not_received,VISA,13.1,77.09,77.09,2026-04-04T15:00:00Z,VRL2089779114,2026-04-07,,,credited,issuer_won,2026-06-01T21:00:00Z,consumer_disputes,
DSP-2026-00066,ACC-CR-00194,CUS-00227,CRD-000260,REG_Z,closed,closed,2026-03-21T22:18:00Z,secure_message,ivr_otp,Cardholder does not recognize and did not authorize an online purchase.,fraud_cnp,VISA,10.4,344.21,344.21,2026-03-22T15:00:00Z,VRL6018625660,2026-03-31,,,credited,issuer_won,2026-05-04T21:00:00Z,fraud_cnp,
DSP-2026-00067,ACC-CR-00086,CUS-00098,CRD-000110,REG_Z,open,dispute_filed,2026-09-24T16:15:00Z,app_chat,ivr_otp,Cancelled order within policy; no refund.,cancelled_merch,VISA,13.7,39.77,39.77,2026-09-27T15:00:00Z,VRL3584588851,2026-09-28,,,,,,consumer_disputes,
DSP-2026-00069,ACC-CR-00268,CUS-00312,CRD-000358,REG_Z,open,investigating,2026-10-17T13:49:00Z,secure_message,ivr_otp,Cardholder does not recognize and did not authorize an online purchase.,fraud_cnp,VISA,,162.68,162.68,2026-10-21T15:00:00Z,,,,,,,,fraud_cnp,
DSP-2026-00070,ACC-CR-00065,CUS-00075,CRD-000082,REG_Z,closed,closed,2026-04-28T13:39:00Z,phone,ivr_otp,Cardholder does not recognize and did not authorize an online purchase.,fraud_cnp,VISA,10.4,97.32,97.32,2026-04-29T15:00:00Z,VRL1427028808,2026-05-03,2026-05-18,,denied,merchant_won_pre_arb,2026-05-24T21:00:00Z,fraud_cnp,
DSP-2026-00071,ACC-CR-00205,CUS-00238,CRD-000273,REG_Z,closed,closed,2026-01-02T16:16:00Z,app_chat,ivr_otp,Paid for an order that never arrived.,not_received,VISA,13.1,13.81,13.81,2026-01-07T16:00:00Z,VRL7618653140,2026-01-08,,,credited,issuer_won,2026-01-24T22:00:00Z,consumer_disputes,
DSP-2026-00072,ACC-CR-00049,CUS-00057,CRD-000063,REG_Z,closed,closed,2026-03-21T16:32:00Z,app_chat,ivr_otp,Returned item; merchant promised refund that never posted.,credit_not_processed,VISA,13.6,323.92,323.92,2026-03-25T15:00:00Z,VRL3933489253,2026-03-25,,,credited,issuer_won,2026-04-27T21:00:00Z,consumer_disputes,
DSP-2026-00073,ACC-CR-00290,CUS-00341,CRD-000390,REG_Z,closed,closed,2026-01-29T17:28:00Z,app_chat,ivr_otp,Subscription was cancelled but charges continued.,cancelled_recurring,VISA,13.2,65.00,65.00,2026-01-30T16:00:00Z,VRL9789559194,2026-02-06,,,credited,issuer_won,2026-03-10T21:00:00Z,consumer_disputes,
DSP-2026-00074,ACC-CR-00304,CUS-00357,CRD-000410,REG_Z,closed,closed,2026-02-04T15:36:00Z,app_chat,ivr_otp,Returned item; merchant promised refund that never posted.,credit_not_processed,VISA,13.6,75.27,75.27,2026-02-06T16:00:00Z,VRL4850729663,2026-02-12,,,credited,issuer_won,2026-03-13T21:00:00Z,consumer_disputes,
DSP-2026-00075,ACC-CR-00065,CUS-00075,CRD-000082,REG_Z,closed,closed,2026-08-03T20:19:00Z,secure_message,ivr_otp,Does not recognize merchant name on statement.,descriptor_confusion,VISA,,52.25,,,,,,,withdrawn,not_filed,2026-08-14T21:00:00Z,consumer_disputes,
DSP-2026-00076,ACC-CR-00298,CUS-00349,CRD-000400,REG_Z,closed,closed,2026-02-02T13:32:00Z,secure_message,ivr_otp,Item received is defective / not as described.,not_as_described,VISA,13.3,149.13,149.13,2026-02-04T16:00:00Z,VRL7202939079,2026-02-11,2026-02-27,,denied,merchant_won,2026-03-11T21:00:00Z,consumer_disputes,
DSP-2026-00078,ACC-CR-00043,CUS-00050,CRD-000056,REG_Z,closed,closed,2026-05-02T17:26:00Z,app_chat,ivr_otp,Cardholder does not recognize and did not authorize an online purchase.,fraud_cnp,VISA,10.4,425.66,425.66,2026-05-06T15:00:00Z,VRL9748351233,2026-05-10,,,credited,issuer_won,2026-06-15T21:00:00Z,fraud_cnp,
DSP-2026-00079,ACC-CR-00148,CUS-00172,CRD-000193,REG_Z,closed,closed,2026-05-27T13:16:00Z,app_chat,ivr_otp,Card lost; cardholder did not make in-store purchases.,fraud_card_present,VISA,10.3,279.82,279.82,2026-05-28T15:00:00Z,VRL3714823430,2026-06-05,,,credited,issuer_won,2026-07-12T21:00:00Z,fraud_cnp,
DSP-2026-00080,ACC-CR-00187,CUS-00219,CRD-000251,REG_Z,closed,closed,2026-06-05T14:16:00Z,secure_message,ivr_otp,Does not recognize merchant name on statement.,descriptor_confusion,VISA,,16.69,,,,,,,withdrawn,not_filed,2026-06-13T21:00:00Z,consumer_disputes,
DSP-2026-00081,ACC-CR-00185,CUS-00216,CRD-000246,REG_Z,closed,closed,2026-03-18T17:41:00Z,phone,ivr_otp,Item received is defective / not as described.,not_as_described,VISA,13.3,70.01,70.01,2026-03-20T15:00:00Z,VRL8266967892,2026-03-26,2026-04-24,,denied,merchant_won,2026-05-14T21:00:00Z,consumer_disputes,
DSP-2026-00082,ACC-DDA-00070,CUS-00319,CRD-000366,REG_E,open,awaiting_merchant_evidence,2026-10-14T20:42:00Z,phone,ivr_otp,Cardholder does not recognize and did not authorize an online purchase.,fraud_cnp,VISA,,197.95,197.95,2026-10-16T15:00:00Z,,,,,,,,fraud_cnp,
DSP-2026-00084,ACC-CR-00291,CUS-00342,CRD-000391,REG_Z,closed,closed,2026-09-03T18:02:00Z,phone,ivr_otp,Subscription was cancelled but charges continued.,cancelled_recurring,VISA,13.2,17.99,17.99,2026-09-04T15:00:00Z,VRL6706849610,2026-09-07,2026-09-27,,denied,merchant_won,2026-09-30T21:00:00Z,consumer_disputes,
DSP-2026-00085,ACC-CR-00250,CUS-00292,CRD-000333,REG_Z,closed,closed,2026-03-17T21:49:00Z,secure_message,ivr_otp,Charged twice for the same purchase.,duplicate,VISA,,142.45,142.45,2026-03-19T15:00:00Z,,,,,denied,not_filed,2026-03-25T21:00:00Z,consumer_disputes,
DSP-2026-00086,ACC-CR-00205,CUS-00238,CRD-000273,REG_Z,closed,closed,2026-05-19T13:36:00Z,secure_message,ivr_otp,Card lost; cardholder did not make in-store purchases.,fraud_card_present,VISA,10.3,221.31,221.31,2026-05-23T15:00:00Z,VRL7936590955,2026-05-29,,,credited,issuer_won,2026-07-06T21:00:00Z,fraud_cnp,
DSP-2026-00087,ACC-DDA-00076,CUS-00345,CRD-000395,REG_E,open,dispute_filed,2026-10-05T17:37:00Z,secure_message,ivr_otp,Charged more than the receipt amount.,incorrect_amount,VISA,12.5,4.03,4.03,2026-10-07T15:00:00Z,VRL9738594563,2026-10-11,,,,,,consumer_disputes,
DSP-2026-00088,ACC-CR-00283,CUS-00332,CRD-000380,REG_Z,open,awaiting_merchant_evidence,2026-10-15T13:37:00Z,phone,ivr_otp,Subscription was cancelled but charges continued.,cancelled_recurring,VISA,,9.99,9.99,2026-10-17T15:00:00Z,,,,,,,,consumer_disputes,
DSP-2026-00089,ACC-CR-00195,CUS-00228,CRD-000261,REG_Z,closed,closed,2026-08-18T14:52:00Z,secure_message,ivr_otp,Cardholder does not recognize and did not authorize an online purchase.,fraud_cnp,VISA,10.4,111.48,111.48,2026-08-19T15:00:00Z,VRL7779687722,2026-08-26,2026-09-24,,denied,merchant_won_pre_arb,2026-10-13T21:00:00Z,fraud_cnp,
DSP-2026-00090,ACC-CR-00064,CUS-00073,CRD-000080,REG_Z,closed,closed,2026-05-01T16:59:00Z,app_chat,ivr_otp,Paid for an order that never arrived.,not_received,VISA,,88.07,,,,,,,withdrawn,not_filed,2026-05-05T21:00:00Z,consumer_disputes,
DSP-2026-00091,ACC-CR-00171,CUS-00199,CRD-000226,REG_Z,closed,closed,2026-03-29T22:53:00Z,secure_message,ivr_otp,Cancelled order within policy; no refund.,cancelled_merch,VISA,13.7,121.92,121.92,2026-03-31T15:00:00Z,VRL6313342486,2026-04-07,,,credited,issuer_won,2026-06-05T21:00:00Z,consumer_disputes,
DSP-2026-00092,ACC-CR-00257,CUS-00300,CRD-000342,REG_Z,closed,closed,2026-04-16T14:07:00Z,app_chat,ivr_otp,Card lost; cardholder did not make in-store purchases.,fraud_card_present,VISA,10.3,238.88,238.88,2026-04-17T15:00:00Z,VRL2602903777,2026-04-24,,,credited,issuer_won,2026-05-14T21:00:00Z,fraud_cnp,
DSP-2026-00093,ACC-CR-00206,CUS-00243,CRD-000278,REG_Z,open,dispute_filed,2026-09-12T15:42:00Z,app_chat,ivr_otp,Item received is defective / not as described.,not_as_described,VISA,13.3,37.94,37.94,2026-09-15T15:00:00Z,VRL8002845946,2026-09-17,,,,,,consumer_disputes,
DSP-2026-00094,ACC-CR-00295,CUS-00346,CRD-000396,REG_Z,open,awaiting_merchant_evidence,2026-10-11T16:15:00Z,secure_message,ivr_otp,Cardholder does not recognize and did not authorize an online purchase.,fraud_cnp,VISA,,1004.26,1004.26,2026-10-15T15:00:00Z,,,,,,,,fraud_cnp,
DSP-2026-00095,ACC-DDA-00021,CUS-00123,CRD-000141,REG_E,open,dispute_filed,2026-09-09T17:45:00Z,phone,ivr_otp,Cardholder does not recognize and did not authorize an online purchase.,fraud_cnp,VISA,10.4,958.58,958.58,2026-09-11T15:00:00Z,VRL3886806827,2026-09-17,,,,,,fraud_cnp,
DSP-2026-00096,ACC-CR-00280,CUS-00329,CRD-000377,REG_Z,closed,closed,2026-07-13T13:30:00Z,phone,ivr_otp,Cardholder does not recognize and did not authorize an online purchase.,fraud_cnp,VISA,10.4,44.15,44.15,2026-07-16T15:00:00Z,VRL7739630538,2026-07-21,2026-08-09,,denied,merchant_won_pre_arb,2026-08-29T21:00:00Z,fraud_cnp,
DSP-2026-00097,ACC-CR-00294,CUS-00345,CRD-000394,REG_Z,open,dispute_filed,2026-09-24T19:32:00Z,phone,ivr_otp,Subscription was cancelled but charges continued.,cancelled_recurring,VISA,13.2,65.00,65.00,2026-09-25T15:00:00Z,VRL9762940156,2026-09-29,,,,,,consumer_disputes,
DSP-2026-00098,ACC-CR-00020,CUS-00026,CRD-000029,REG_Z,closed,closed,2026-04-18T17:38:00Z,secure_message,ivr_otp,Card lost; cardholder did not make in-store purchases.,fraud_card_present,VISA,10.3,446.42,446.42,2026-04-20T15:00:00Z,VRL8630600374,2026-04-21,,,credited,issuer_won,2026-06-13T21:00:00Z,fraud_cnp,
DSP-2026-00099,ACC-CR-00074,CUS-00086,CRD-000096,REG_Z,closed,closed,2026-01-30T17:13:00Z,secure_message,ivr_otp,Does not recognize merchant name on statement.,descriptor_confusion,VISA,,122.20,,,,,,,withdrawn,not_filed,2026-02-05T22:00:00Z,consumer_disputes,
DSP-2026-00100,ACC-CR-00303,CUS-00356,CRD-000409,REG_Z,open,dispute_filed,2026-09-20T12:32:00Z,secure_message,ivr_otp,Paid for an order that never arrived.,not_received,VISA,13.1,80.52,80.52,2026-09-25T15:00:00Z,VRL5118554268,2026-09-28,,,,,,consumer_disputes,
DSP-2026-00101,ACC-CR-00002,CUS-00002,CRD-000002,REG_Z,closed,closed,2026-04-27T22:35:00Z,secure_message,ivr_otp,Cardholder does not recognize and did not authorize an online purchase.,fraud_cnp,VISA,10.4,730.24,730.24,2026-04-30T15:00:00Z,VRL5263652549,2026-05-03,,,credited,issuer_won,2026-06-10T21:00:00Z,fraud_cnp,
DSP-2026-00102,ACC-CR-00275,CUS-00324,CRD-000372,REG_Z,open,dispute_filed,2026-09-24T16:01:00Z,app_chat,ivr_otp,Cardholder does not recognize and did not authorize an online purchase.,fraud_cnp,VISA,10.4,290.86,290.86,2026-09-28T15:00:00Z,VRL5463876470,2026-09-29,,,,,,fraud_cnp,
DSP-2026-00103,ACC-CR-00004,CUS-00004,CRD-000004,REG_Z,open,investigating,2026-10-17T15:38:00Z,secure_message,ivr_otp,Cardholder does not recognize and did not authorize an online purchase.,fraud_cnp,VISA,,1156.82,1156.82,2026-10-20T15:00:00Z,,,,,,,,fraud_cnp,
DSP-2026-00104,ACC-CR-00297,CUS-00348,CRD-000399,REG_Z,open,investigating,2026-10-18T21:53:00Z,secure_message,ivr_otp,Does not recognize merchant name on statement.,descriptor_confusion,VISA,,60.07,,,,,,,,,,consumer_disputes,
DSP-2026-00105,ACC-CR-00133,CUS-00155,CRD-000175,REG_Z,closed,closed,2026-04-09T17:51:00Z,phone,ivr_otp,Paid for an order that never arrived.,not_received,VISA,13.1,151.80,151.80,2026-04-13T15:00:00Z,VRL7172650167,2026-04-19,,,credited,issuer_won,2026-06-06T21:00:00Z,consumer_disputes,
DSP-2026-00106,ACC-CR-00289,CUS-00339,CRD-000388,REG_Z,closed,closed,2026-08-24T14:21:00Z,secure_message,ivr_otp,Paid for an order that never arrived.,not_received,VISA,,71.95,,,,,,,withdrawn,not_filed,2026-08-26T21:00:00Z,consumer_disputes,
DSP-2026-00107,ACC-CR-00289,CUS-00339,CRD-000388,REG_Z,open,investigating,2026-09-30T18:08:00Z,secure_message,ivr_otp,Does not recognize merchant name on statement.,descriptor_confusion,VISA,,161.49,,,,,,,,,,consumer_disputes,
DSP-2026-00108,ACC-CR-00261,CUS-00304,CRD-000348,REG_Z,closed,closed,2026-05-11T12:18:00Z,phone,ivr_otp,Cardholder does not recognize and did not authorize an online purchase.,fraud_cnp,VISA,10.4,178.24,178.24,2026-05-16T15:00:00Z,VRL4528344029,2026-05-20,2026-06-14,,denied,merchant_won_pre_arb,2026-07-01T21:00:00Z,fraud_cnp,
DSP-2026-00109,ACC-CR-00002,CUS-00002,CRD-000002,REG_Z,closed,closed,2026-04-30T17:13:00Z,secure_message,ivr_otp,Charged more than the receipt amount.,incorrect_amount,VISA,12.5,5.75,5.75,2026-05-04T15:00:00Z,VRL7709122215,2026-05-05,,,partial_credit,issuer_won,2026-06-21T21:00:00Z,consumer_disputes,
DSP-2026-00110,ACC-CR-00014,CUS-00016,CRD-000018,REG_Z,closed,closed,2026-03-15T14:42:00Z,secure_message,ivr_otp,Paid for an order that never arrived.,not_received,VISA,13.1,125.03,125.03,2026-03-17T15:00:00Z,VRL9608856115,2026-03-25,2026-04-22,,denied,merchant_won,2026-04-29T21:00:00Z,consumer_disputes,
DSP-2026-00111,ACC-CR-00283,CUS-00332,CRD-000380,REG_Z,open,investigating,2026-10-19T15:57:00Z,secure_message,ivr_otp,Cardholder does not recognize and did not authorize an online purchase.,fraud_cnp,VISA,,551.56,551.56,2026-10-21T15:00:00Z,,,,,,,,fraud_cnp,
DSP-2026-00112,ACC-CR-00270,CUS-00315,CRD-000361,REG_Z,closed,closed,2026-01-21T20:46:00Z,phone,ivr_otp,Does not recognize merchant name on statement.,descriptor_confusion,VISA,,102.33,,,,,,,withdrawn,not_filed,2026-02-01T22:00:00Z,consumer_disputes,
DSP-2026-00113,ACC-CR-00002,CUS-00002,CRD-000002,REG_Z,closed,closed,2026-04-09T18:12:00Z,app_chat,ivr_otp,Cardholder does not recognize and did not authorize an online purchase.,fraud_cnp,VISA,10.4,56.60,56.60,2026-04-14T15:00:00Z,VRL7513372150,2026-04-14,2026-05-11,,denied,merchant_won_pre_arb,2026-06-02T21:00:00Z,fraud_cnp,
DSP-2026-00114,ACC-CR-00206,CUS-00243,CRD-000278,REG_Z,closed,closed,2026-01-29T14:40:00Z,secure_message,ivr_otp,Charged twice for the same purchase.,duplicate,VISA,12.6,121.77,121.77,2026-02-03T16:00:00Z,VRL9345453194,2026-02-03,,,credited,issuer_won,2026-03-20T21:00:00Z,consumer_disputes,
DSP-2026-00115,ACC-CR-00106,CUS-00119,CRD-000135,REG_Z,closed,closed,2026-06-17T16:04:00Z,app_chat,ivr_otp,Subscription was cancelled but charges continued.,cancelled_recurring,VISA,13.2,85.00,85.00,2026-06-22T15:00:00Z,VRL4709461556,2026-06-24,,,credited,issuer_won,2026-07-16T21:00:00Z,consumer_disputes,
DSP-2026-00116,ACC-CR-00304,CUS-00357,CRD-000410,REG_Z,open,dispute_filed,2026-10-05T15:07:00Z,app_chat,ivr_otp,Item received is defective / not as described.,not_as_described,VISA,13.3,177.64,177.64,2026-10-07T15:00:00Z,VRL3653118264,2026-10-13,,,,,,consumer_disputes,
DSP-2026-00117,ACC-CR-00095,CUS-00108,CRD-000122,REG_Z,open,dispute_filed,2026-09-22T18:53:00Z,phone,ivr_otp,Cardholder does not recognize and did not authorize an online purchase.,fraud_cnp,VISA,10.4,6.56,6.56,2026-09-25T15:00:00Z,VRL2660824447,2026-09-30,,,,,,fraud_cnp,
DSP-2026-00118,ACC-CR-00177,CUS-00206,CRD-000235,REG_Z,closed,closed,2026-04-17T18:56:00Z,secure_message,ivr_otp,Does not recognize merchant name on statement.,descriptor_confusion,VISA,,25.09,,,,,,,withdrawn,not_filed,2026-04-20T21:00:00Z,consumer_disputes,
DSP-2026-00119,ACC-CR-00027,CUS-00033,CRD-000036,REG_Z,closed,closed,2026-01-06T14:15:00Z,secure_message,ivr_otp,Returned item; merchant promised refund that never posted.,credit_not_processed,VISA,,135.99,,,,,,,withdrawn,not_filed,2026-01-12T22:00:00Z,consumer_disputes,
DSP-2026-00120,ACC-CR-00032,CUS-00038,CRD-000042,REG_Z,closed,closed,2026-04-29T18:43:00Z,secure_message,ivr_otp,Cardholder does not recognize and did not authorize an online purchase.,fraud_cnp,VISA,10.4,991.62,991.62,2026-05-01T15:00:00Z,VRL4460697261,2026-05-09,,,credited,issuer_won,2026-05-28T21:00:00Z,fraud_cnp,
DSP-2026-00121,ACC-DDA-00047,CUS-00223,CRD-000256,REG_E,closed,closed,2026-04-22T13:49:00Z,secure_message,ivr_otp,Cardholder does not recognize and did not authorize an online purchase.,fraud_cnp,VISA,10.4,149.08,149.08,2026-04-25T15:00:00Z,VRL7689243527,2026-04-30,2026-05-21,,denied,merchant_won_pre_arb,2026-06-03T21:00:00Z,fraud_cnp,
DSP-2026-00122,ACC-CR-00033,CUS-00039,CRD-000043,REG_Z,closed,closed,2026-08-14T15:55:00Z,secure_message,ivr_otp,Item received is defective / not as described.,not_as_described,VISA,13.3,124.13,124.13,2026-08-16T15:00:00Z,VRL1862169692,2026-08-22,,,credited,issuer_won,2026-10-17T21:00:00Z,consumer_disputes,
DSP-2026-00123,ACC-CR-00070,CUS-00081,CRD-000090,REG_Z,closed,closed,2026-03-02T19:37:00Z,phone,ivr_otp,Charged twice for the same purchase.,duplicate,VISA,12.6,142.73,142.73,2026-03-03T16:00:00Z,VRL1117040852,2026-03-07,,,credited,issuer_won,2026-04-01T21:00:00Z,consumer_disputes,
DSP-2026-00124,ACC-CR-00252,CUS-00294,CRD-000335,REG_Z,closed,closed,2026-01-31T13:39:00Z,app_chat,ivr_otp,Cancelled order within policy; no refund.,cancelled_merch,VISA,13.7,89.03,89.03,2026-02-04T16:00:00Z,VRL2537698400,2026-02-03,,,credited,issuer_won,2026-04-04T21:00:00Z,consumer_disputes,
DSP-2026-00125,ACC-CR-00019,CUS-00025,CRD-000028,REG_Z,closed,closed,2026-08-06T18:43:00Z,app_chat,ivr_otp,Paid for an order that never arrived.,not_received,VISA,13.1,95.62,95.62,2026-08-08T15:00:00Z,VRL5885169007,2026-08-12,,,credited,issuer_won,2026-09-03T21:00:00Z,consumer_disputes,
DSP-2026-00126,ACC-CR-00031,CUS-00037,CRD-000040,REG_Z,closed,closed,2026-06-15T16:41:00Z,app_chat,ivr_otp,Item received is defective / not as described.,not_as_described,VISA,13.3,151.59,151.59,2026-06-19T15:00:00Z,VRL3701315593,2026-06-20,,,credited,issuer_won,2026-08-01T21:00:00Z,consumer_disputes,
DSP-2026-00127,ACC-CR-00161,CUS-00187,CRD-000212,REG_Z,closed,closed,2026-01-08T13:22:00Z,app_chat,ivr_otp,Cardholder does not recognize and did not authorize an online purchase.,fraud_cnp,VISA,10.4,463.63,463.63,2026-01-12T16:00:00Z,VRL3394737581,2026-01-16,,,credited,issuer_won,2026-03-03T22:00:00Z,fraud_cnp,
DSP-2026-00128,ACC-CR-00152,CUS-00176,CRD-000198,REG_Z,closed,closed,2026-07-08T20:13:00Z,secure_message,ivr_otp,Item received is defective / not as described.,not_as_described,VISA,13.3,159.81,159.81,2026-07-12T15:00:00Z,VRL3748466184,2026-07-13,,,credited,issuer_won,2026-08-29T21:00:00Z,consumer_disputes,
DSP-2026-00129,ACC-CR-00213,CUS-00251,CRD-000287,REG_Z,open,investigating,2026-09-29T16:27:00Z,secure_message,ivr_otp,Does not recognize merchant name on statement.,descriptor_confusion,VISA,,66.41,,,,,,,,,,consumer_disputes,
DSP-2026-00130,ACC-CR-00303,CUS-00356,CRD-000409,REG_Z,closed,closed,2026-05-13T13:05:00Z,secure_message,ivr_otp,Cancelled order within policy; no refund.,cancelled_merch,VISA,13.7,142.14,142.14,2026-05-16T15:00:00Z,VRL8647021130,2026-05-21,,,credited,issuer_won,2026-06-20T21:00:00Z,consumer_disputes,
DSP-2026-00131,ACC-CR-00175,CUS-00204,CRD-000233,REG_Z,closed,closed,2026-08-14T22:20:00Z,secure_message,ivr_otp,Charged twice for the same purchase.,duplicate,VISA,12.6,5.47,5.47,2026-08-16T15:00:00Z,VRL4376969049,2026-08-22,,,credited,issuer_won,2026-09-08T21:00:00Z,consumer_disputes,
DSP-2026-00132,ACC-CR-00220,CUS-00258,CRD-000294,REG_Z,open,dispute_filed,2026-09-19T22:19:00Z,secure_message,ivr_otp,Cardholder does not recognize and did not authorize an online purchase.,fraud_cnp,VISA,10.4,759.16,759.16,2026-09-24T15:00:00Z,VRL3855200554,2026-09-27,,,,,,fraud_cnp,
DSP-2026-00133,ACC-CR-00069,CUS-00080,CRD-000089,REG_Z,open,dispute_filed,2026-09-21T21:27:00Z,phone,ivr_otp,Subscription was cancelled but charges continued.,cancelled_recurring,VISA,13.2,17.99,17.99,2026-09-24T15:00:00Z,VRL2961211597,2026-09-25,,,,,,consumer_disputes,
DSP-2026-00134,ACC-CR-00269,CUS-00314,CRD-000360,REG_Z,open,dispute_filed,2026-09-30T14:37:00Z,phone,ivr_otp,Item received is defective / not as described.,not_as_described,VISA,13.3,174.74,174.74,2026-10-03T15:00:00Z,VRL1298742257,2026-10-07,,,,,,consumer_disputes,
DSP-2026-00135,ACC-CR-00059,CUS-00067,CRD-000073,REG_Z,closed,closed,2026-05-25T14:54:00Z,app_chat,ivr_otp,Paid for an order that never arrived.,not_received,VISA,13.1,44.75,44.75,2026-05-29T15:00:00Z,VRL9308082792,2026-06-02,,,credited,issuer_won,2026-07-31T21:00:00Z,consumer_disputes,
DSP-2026-00136,ACC-DDA-00044,CUS-00217,CRD-000248,REG_E,closed,closed,2026-02-05T15:54:00Z,app_chat,ivr_otp,Cardholder does not recognize and did not authorize an online purchase.,fraud_cnp,VISA,10.4,1180.93,1180.93,2026-02-06T16:00:00Z,VRL9495400625,2026-02-08,,,credited,issuer_won,2026-03-13T21:00:00Z,fraud_cnp,
DSP-2026-00137,ACC-CR-00161,CUS-00187,CRD-000212,REG_Z,closed,closed,2026-01-21T14:34:00Z,app_chat,ivr_otp,Subscription was cancelled but charges continued.,cancelled_recurring,VISA,13.2,17.99,17.99,2026-01-24T16:00:00Z,VRL8412634728,2026-01-26,,,credited,issuer_won,2026-03-02T22:00:00Z,consumer_disputes,
DSP-2026-00138,ACC-CR-00216,CUS-00254,CRD-000290,REG_Z,closed,closed,2026-05-15T22:15:00Z,app_chat,ivr_otp,Charged more than the receipt amount.,incorrect_amount,VISA,12.5,1.03,1.03,2026-05-20T15:00:00Z,VRL8051560927,2026-05-25,,,partial_credit,issuer_won,2026-06-20T21:00:00Z,consumer_disputes,
DSP-2026-00139,ACC-CR-00088,CUS-00100,CRD-000112,REG_Z,closed,closed,2026-09-02T19:15:00Z,secure_message,ivr_otp,Cardholder does not recognize and did not authorize an online purchase.,fraud_cnp,VISA,10.4,66.45,66.45,2026-09-05T15:00:00Z,VRL5533069298,2026-09-08,2026-10-06,,denied,merchant_won_pre_arb,2026-10-27T21:00:00Z,fraud_cnp,
DSP-2026-00140,ACC-CR-00127,CUS-00147,CRD-000167,REG_Z,closed,closed,2026-03-13T22:33:00Z,phone,ivr_otp,Cardholder does not recognize and did not authorize an online purchase.,fraud_cnp,VISA,10.4,22.30,22.30,2026-03-17T15:00:00Z,VRL2587666772,2026-03-22,2026-04-09,,denied,merchant_won_pre_arb,2026-04-12T21:00:00Z,fraud_cnp,
DSP-2026-00141,ACC-DDA-00044,CUS-00217,CRD-000248,REG_E,closed,closed,2026-05-08T18:13:00Z,phone,ivr_otp,Cardholder does not recognize and did not authorize an online purchase.,fraud_cnp,VISA,10.4,718.00,718.00,2026-05-11T15:00:00Z,VRL1084831991,2026-05-12,,,credited,issuer_won,2026-06-04T21:00:00Z,fraud_cnp,
DSP-2026-00142,ACC-CR-00115,CUS-00130,CRD-000148,REG_Z,closed,closed,2026-01-18T18:05:00Z,secure_message,ivr_otp,Paid for an order that never arrived.,not_received,VISA,13.1,13.04,13.04,2026-01-19T16:00:00Z,VRL9480137313,2026-01-28,2026-02-23,,denied,merchant_won,2026-03-19T21:00:00Z,consumer_disputes,
DSP-2026-00143,ACC-CR-00128,CUS-00148,CRD-000168,REG_Z,closed,closed,2026-04-12T12:23:00Z,app_chat,ivr_otp,Cardholder does not recognize and did not authorize an online purchase.,fraud_cnp,VISA,10.4,925.11,925.11,2026-04-16T15:00:00Z,VRL8267735521,2026-04-21,,,credited,issuer_won,2026-06-07T21:00:00Z,fraud_cnp,
DSP-2026-00144,ACC-CR-00087,CUS-00099,CRD-000111,REG_Z,open,dispute_filed,2026-09-18T16:51:00Z,phone,ivr_otp,Cardholder does not recognize and did not authorize an online purchase.,fraud_cnp,VISA,10.4,302.27,302.27,2026-09-19T15:00:00Z,VRL2714644553,2026-09-27,,,,,,fraud_cnp,
DSP-2026-00145,ACC-DDA-00010,CUS-00074,CRD-000081,REG_E,closed,closed,2026-06-08T19:02:00Z,secure_message,ivr_otp,Cardholder does not recognize and did not authorize an online purchase.,fraud_cnp,VISA,10.4,1122.22,1122.22,2026-06-09T15:00:00Z,VRL8153093288,2026-06-13,,,credited,issuer_won,2026-07-02T21:00:00Z,fraud_cnp,
DSP-2026-00146,ACC-CR-00288,CUS-00338,CRD-000386,REG_Z,closed,closed,2026-06-27T18:51:00Z,secure_message,ivr_otp,Does not recognize merchant name on statement.,descriptor_confusion,VISA,,49.35,,,,,,,withdrawn,not_filed,2026-07-05T21:00:00Z,consumer_disputes,
DSP-2026-00147,ACC-CR-00238,CUS-00279,CRD-000317,REG_Z,closed,closed,2026-03-28T21:12:00Z,app_chat,ivr_otp,Cardholder does not recognize and did not authorize an online purchase.,fraud_cnp,VISA,10.4,535.13,535.13,2026-04-02T15:00:00Z,VRL4928825073,2026-04-01,,,credited,issuer_won,2026-05-11T21:00:00Z,fraud_cnp,
DSP-2026-00148,ACC-CR-00118,CUS-00135,CRD-000154,REG_Z,closed,closed,2026-02-02T22:56:00Z,secure_message,ivr_otp,Cardholder does not recognize and did not authorize an online purchase.,fraud_cnp,VISA,10.4,945.08,945.08,2026-02-04T16:00:00Z,VRL6759045488,2026-02-11,,,credited,issuer_won,2026-02-28T22:00:00Z,fraud_cnp,
DSP-2026-00149,ACC-CR-00293,CUS-00344,CRD-000393,REG_Z,open,dispute_filed,2026-10-06T15:28:00Z,phone,ivr_otp,Card lost; cardholder did not make in-store purchases.,fraud_card_present,VISA,10.3,734.68,734.68,2026-10-10T15:00:00Z,VRL3755282629,2026-10-12,,,,,,fraud_cnp,
DSP-2026-00150,ACC-DDA-00056,CUS-00276,CRD-000313,REG_E,closed,closed,2026-05-21T20:13:00Z,secure_message,ivr_otp,Charged more than the receipt amount.,incorrect_amount,VISA,12.5,2.19,2.19,2026-05-23T15:00:00Z,VRL6715125962,2026-05-29,,,partial_credit,issuer_won,2026-07-11T21:00:00Z,consumer_disputes,
DSP-2026-00151,ACC-CR-00228,CUS-00267,CRD-000303,REG_Z,closed,closed,2026-06-04T20:41:00Z,app_chat,ivr_otp,Subscription was cancelled but charges continued.,cancelled_recurring,VISA,13.2,65.00,65.00,2026-06-07T15:00:00Z,VRL7052795360,2026-06-12,2026-07-05,,denied,merchant_won,2026-07-20T21:00:00Z,consumer_disputes,
DSP-2026-00153,ACC-CR-00090,CUS-00102,CRD-000115,REG_Z,closed,closed,2026-04-11T14:21:00Z,phone,ivr_otp,Paid for an order that never arrived.,not_received,VISA,13.1,228.45,228.45,2026-04-13T15:00:00Z,VRL6281718082,2026-04-16,,,credited,issuer_won,2026-05-25T21:00:00Z,consumer_disputes,
DSP-2026-00154,ACC-CR-00143,CUS-00167,CRD-000188,REG_Z,closed,closed,2026-03-03T23:31:00Z,app_chat,ivr_otp,Item received is defective / not as described.,not_as_described,VISA,13.3,2.48,2.48,2026-03-04T16:00:00Z,VRL5713843756,2026-03-07,2026-03-29,,denied,merchant_won,2026-04-09T21:00:00Z,consumer_disputes,
DSP-2026-00155,ACC-CR-00027,CUS-00033,CRD-000036,REG_Z,closed,closed,2026-01-05T21:13:00Z,secure_message,ivr_otp,Cardholder does not recognize and did not authorize an online purchase.,fraud_cnp,VISA,10.4,171.96,171.96,2026-01-06T16:00:00Z,VRL6816534947,2026-01-08,,,credited,issuer_won,2026-01-25T22:00:00Z,fraud_cnp,
DSP-2026-00156,ACC-CR-00012,CUS-00014,CRD-000016,REG_Z,closed,closed,2026-04-13T22:46:00Z,secure_message,ivr_otp,Cardholder does not recognize and did not authorize an online purchase.,fraud_cnp,VISA,10.4,8.66,8.66,2026-04-14T15:00:00Z,VRL7088522676,2026-04-18,2026-05-05,,denied,merchant_won_pre_arb,2026-05-12T21:00:00Z,fraud_cnp,
DSP-2026-00157,ACC-CR-00150,CUS-00174,CRD-000195,REG_Z,closed,closed,2026-08-31T19:23:00Z,app_chat,ivr_otp,Subscription was cancelled but charges continued.,cancelled_recurring,VISA,13.2,85.00,85.00,2026-09-03T15:00:00Z,VRL6843964437,2026-09-06,,,credited,issuer_won,2026-10-18T21:00:00Z,consumer_disputes,
DSP-2026-00158,ACC-CR-00019,CUS-00025,CRD-000028,REG_Z,open,investigating,2026-10-18T14:26:00Z,phone,ivr_otp,Charged more than the receipt amount.,incorrect_amount,VISA,,13.54,13.54,2026-10-20T15:00:00Z,,,,,,,,consumer_disputes,
DSP-2026-00159,ACC-CR-00281,CUS-00330,CRD-000378,REG_Z,open,dispute_filed,2026-09-16T20:09:00Z,secure_message,ivr_otp,Paid for an order that never arrived.,not_received,VISA,13.1,65.50,65.50,2026-09-17T15:00:00Z,VRL8713193621,2026-09-22,,,,,,consumer_disputes,
DSP-2026-00160,ACC-CR-00304,CUS-00357,CRD-000410,REG_Z,closed,closed,2026-01-19T23:28:00Z,app_chat,ivr_otp,Cardholder does not recognize and did not authorize an online purchase.,fraud_cnp,VISA,10.4,132.52,132.52,2026-01-20T16:00:00Z,VRL3795980434,2026-01-23,2026-02-15,,denied,merchant_won_pre_arb,2026-03-01T22:00:00Z,fraud_cnp,
DSP-2026-00161,ACC-CR-00299,CUS-00350,CRD-000402,REG_Z,closed,closed,2026-03-15T19:19:00Z,app_chat,ivr_otp,Paid for an order that never arrived.,not_received,VISA,13.1,7.68,7.68,2026-03-17T15:00:00Z,VRL8850422665,2026-03-19,,,credited,issuer_won,2026-05-12T21:00:00Z,consumer_disputes,
DSP-2026-00162,ACC-CR-00001,CUS-00001,CRD-000001,REG_Z,closed,closed,2026-01-03T19:51:00Z,app_chat,ivr_otp,Returned item; merchant promised refund that never posted.,credit_not_processed,VISA,13.6,21.27,21.27,2026-01-05T16:00:00Z,VRL2300778773,2026-01-13,,,credited,issuer_won,2026-03-02T22:00:00Z,consumer_disputes,
DSP-2026-00163,ACC-CR-00108,CUS-00121,CRD-000138,REG_Z,closed,closed,2026-04-26T16:03:00Z,phone,ivr_otp,Charged twice for the same purchase.,duplicate,VISA,,18.40,18.40,2026-04-27T15:00:00Z,,,,,denied,not_filed,2026-05-07T21:00:00Z,consumer_disputes,
DSP-2026-00164,ACC-CR-00189,CUS-00221,CRD-000253,REG_Z,closed,closed,2026-03-06T20:57:00Z,app_chat,ivr_otp,Item received is defective / not as described.,not_as_described,VISA,13.3,477.77,477.77,2026-03-09T15:00:00Z,VRL3142715891,2026-03-09,2026-03-29,,denied,merchant_won,2026-04-12T21:00:00Z,consumer_disputes,
DSP-2026-00165,ACC-CR-00105,CUS-00118,CRD-000134,REG_Z,closed,closed,2026-04-25T21:23:00Z,app_chat,ivr_otp,Cardholder does not recognize and did not authorize an online purchase.,fraud_cnp,VISA,10.4,857.92,857.92,2026-04-28T15:00:00Z,VRL4474400131,2026-04-28,,,credited,issuer_won,2026-06-18T21:00:00Z,fraud_cnp,
DSP-2026-00166,ACC-CR-00204,CUS-00237,CRD-000272,REG_Z,open,investigating,2026-10-20T12:01:00Z,phone,ivr_otp,Cardholder does not recognize and did not authorize an online purchase.,fraud_cnp,VISA,,231.86,231.86,2026-10-23T15:00:00Z,,,,,,,,fraud_cnp,
DSP-2026-00167,ACC-CR-00229,CUS-00268,CRD-000304,REG_Z,closed,closed,2026-06-25T22:01:00Z,phone,ivr_otp,Cardholder does not recognize and did not authorize an online purchase.,fraud_cnp,VISA,10.4,709.68,709.68,2026-06-29T15:00:00Z,VRL8272124784,2026-07-04,,,credited,issuer_won,2026-08-20T21:00:00Z,fraud_cnp,
DSP-2026-00169,ACC-CR-00157,CUS-00183,CRD-000207,REG_Z,open,dispute_filed,2026-09-22T18:47:00Z,secure_message,ivr_otp,Charged twice for the same purchase.,duplicate,VISA,12.6,140.77,140.77,2026-09-26T15:00:00Z,VRL7224650170,2026-09-27,,,,,,consumer_disputes,
DSP-2026-00170,ACC-CR-00106,CUS-00119,CRD-000135,REG_Z,closed,closed,2026-03-19T13:31:00Z,secure_message,ivr_otp,Subscription was cancelled but charges continued.,cancelled_recurring,VISA,13.2,22.99,22.99,2026-03-20T15:00:00Z,VRL8480959057,2026-03-25,,,credited,issuer_won,2026-04-22T21:00:00Z,consumer_disputes,
DSP-2026-00171,ACC-CR-00284,CUS-00333,CRD-000381,REG_Z,open,investigating,2026-10-18T14:23:00Z,app_chat,ivr_otp,Cardholder does not recognize and did not authorize an online purchase.,fraud_cnp,VISA,,551.60,551.60,2026-10-21T15:00:00Z,,,,,,,,fraud_cnp,
DSP-2026-00172,ACC-DDA-00013,CUS-00083,CRD-000093,REG_E,closed,closed,2026-06-22T13:03:00Z,secure_message,ivr_otp,Charged twice for the same purchase.,duplicate,VISA,12.6,170.98,170.98,2026-06-25T15:00:00Z,VRL3561184258,2026-07-02,,,credited,issuer_won,2026-08-20T21:00:00Z,consumer_disputes,
DSP-2026-00173,ACC-CR-00076,CUS-00088,CRD-000098,REG_Z,closed,closed,2026-05-31T14:34:00Z,secure_message,ivr_otp,Paid for an order that never arrived.,not_received,VISA,13.1,25.34,25.34,2026-06-01T15:00:00Z,VRL9561449929,2026-06-05,2026-06-28,,denied,merchant_won,2026-07-11T21:00:00Z,consumer_disputes,
DSP-2026-00174,ACC-CR-00277,CUS-00326,CRD-000374,REG_Z,closed,closed,2026-03-03T14:59:00Z,secure_message,ivr_otp,Cardholder does not recognize and did not authorize an online purchase.,fraud_cnp,VISA,10.4,691.94,691.94,2026-03-05T16:00:00Z,VRL4503469030,2026-03-12,,,credited,issuer_won,2026-03-23T21:00:00Z,fraud_cnp,
DSP-2026-00175,ACC-CR-00126,CUS-00146,CRD-000166,REG_Z,open,dispute_filed,2026-10-05T18:53:00Z,secure_message,ivr_otp,Item received is defective / not as described.,not_as_described,VISA,13.3,144.40,144.40,2026-10-06T15:00:00Z,VRL4637214631,2026-10-13,,,,,,consumer_disputes,
DSP-2026-00176,ACC-CR-00295,CUS-00346,CRD-000396,REG_Z,closed,closed,2026-08-05T15:03:00Z,secure_message,ivr_otp,Cardholder does not recognize and did not authorize an online purchase.,fraud_cnp,VISA,10.4,282.63,282.63,2026-08-08T15:00:00Z,VRL4976671593,2026-08-10,,,credited,issuer_won,2026-10-05T21:00:00Z,fraud_cnp,
DSP-2026-00177,ACC-CR-00179,CUS-00210,CRD-000239,REG_Z,closed,closed,2026-06-08T17:16:00Z,app_chat,ivr_otp,Subscription was cancelled but charges continued.,cancelled_recurring,VISA,13.2,69.32,69.32,2026-06-10T15:00:00Z,VRL7547852816,2026-06-18,,,credited,issuer_won,2026-08-06T21:00:00Z,consumer_disputes,
DSP-2026-00178,ACC-CR-00139,CUS-00163,CRD-000184,REG_Z,closed,closed,2026-01-20T13:22:00Z,app_chat,ivr_otp,Cardholder does not recognize and did not authorize an online purchase.,fraud_cnp,VISA,10.4,304.77,304.77,2026-01-23T16:00:00Z,VRL5607452389,2026-01-29,,,credited,issuer_won,2026-03-04T22:00:00Z,fraud_cnp,
DSP-2026-00179,ACC-CR-00250,CUS-00292,CRD-000333,REG_Z,closed,closed,2026-01-10T15:45:00Z,secure_message,ivr_otp,Paid for an order that never arrived.,not_received,VISA,13.1,112.87,112.87,2026-01-12T16:00:00Z,VRL7945321812,2026-01-15,2026-02-13,,denied,merchant_won,2026-02-23T22:00:00Z,consumer_disputes,
DSP-2026-00180,ACC-CR-00226,CUS-00264,CRD-000300,REG_Z,open,dispute_filed,2026-10-03T16:45:00Z,secure_message,ivr_otp,Subscription was cancelled but charges continued.,cancelled_recurring,VISA,13.2,22.99,22.99,2026-10-08T15:00:00Z,VRL9086414508,2026-10-11,,,,,,consumer_disputes,
DSP-2026-00181,ACC-CR-00148,CUS-00172,CRD-000193,REG_Z,closed,closed,2026-03-14T14:31:00Z,secure_message,ivr_otp,Cardholder does not recognize and did not authorize an online purchase.,fraud_cnp,VISA,10.4,373.66,373.66,2026-03-19T15:00:00Z,VRL2264627258,2026-03-23,,,credited,issuer_won,2026-04-21T21:00:00Z,fraud_cnp,
DSP-2026-00182,ACC-CR-00132,CUS-00154,CRD-000174,REG_Z,closed,closed,2026-06-23T16:02:00Z,phone,ivr_otp,Cardholder does not recognize and did not authorize an online purchase.,fraud_cnp,VISA,10.4,609.03,609.03,2026-06-24T15:00:00Z,VRL5733995809,2026-07-01,,,credited,issuer_won,2026-08-21T21:00:00Z,fraud_cnp,
DSP-2026-00183,ACC-CR-00038,CUS-00045,CRD-000049,REG_Z,closed,closed,2026-02-23T15:56:00Z,secure_message,ivr_otp,Does not recognize merchant name on statement.,descriptor_confusion,VISA,,157.13,,,,,,,withdrawn,not_filed,2026-03-05T22:00:00Z,consumer_disputes,
DSP-2026-00184,ACC-CR-00047,CUS-00055,CRD-000061,REG_Z,open,dispute_filed,2026-09-22T17:50:00Z,secure_message,ivr_otp,Paid for an order that never arrived.,not_received,VISA,13.1,56.83,56.83,2026-09-27T15:00:00Z,VRL1060909949,2026-09-28,,,,,,consumer_disputes,
DSP-2026-00185,ACC-CR-00153,CUS-00177,CRD-000199,REG_Z,closed,closed,2026-02-27T19:22:00Z,app_chat,ivr_otp,Paid for an order that never arrived.,not_received,VISA,,123.44,,,,,,,withdrawn,not_filed,2026-03-01T22:00:00Z,consumer_disputes,
DSP-2026-00186,ACC-CR-00275,CUS-00324,CRD-000372,REG_Z,open,dispute_filed,2026-10-07T14:07:00Z,phone,ivr_otp,Returned item; merchant promised refund that never posted.,credit_not_processed,VISA,13.6,322.90,322.90,2026-10-09T15:00:00Z,VRL7068691280,2026-10-15,,,,,,consumer_disputes,
DSP-2026-00187,ACC-CR-00068,CUS-00079,CRD-000087,REG_Z,closed,closed,2026-06-21T13:15:00Z,phone,ivr_otp,Subscription was cancelled but charges continued.,cancelled_recurring,VISA,13.2,17.99,17.99,2026-06-23T15:00:00Z,VRL7486237047,2026-06-24,,,credited,issuer_won,2026-08-12T21:00:00Z,consumer_disputes,
DSP-2026-00188,ACC-CR-00251,CUS-00293,CRD-000334,REG_Z,closed,closed,2026-08-05T16:40:00Z,secure_message,ivr_otp,Cardholder does not recognize and did not authorize an online purchase.,fraud_cnp,VISA,10.4,124.90,124.90,2026-08-10T15:00:00Z,VRL2512274193,2026-08-11,2026-08-31,,denied,merchant_won_pre_arb,2026-09-08T21:00:00Z,fraud_cnp,
DSP-2026-00189,ACC-CR-00036,CUS-00042,CRD-000046,REG_Z,closed,closed,2026-02-21T22:50:00Z,secure_message,ivr_otp,Cardholder does not recognize and did not authorize an online purchase.,fraud_cnp,VISA,10.4,81.79,81.79,2026-02-23T16:00:00Z,VRL4830981802,2026-02-25,2026-03-26,,denied,merchant_won_pre_arb,2026-04-07T21:00:00Z,fraud_cnp,
DSP-2026-00190,ACC-CR-00278,CUS-00327,CRD-000375,REG_Z,closed,closed,2026-03-31T21:11:00Z,secure_message,ivr_otp,Subscription was cancelled but charges continued.,cancelled_recurring,VISA,13.2,15.99,15.99,2026-04-01T15:00:00Z,VRL9722114210,2026-04-07,2026-04-27,,denied,merchant_won,2026-05-20T21:00:00Z,consumer_disputes,
DSP-2026-00191,ACC-CR-00080,CUS-00092,CRD-000103,REG_Z,closed,closed,2026-06-22T19:31:00Z,app_chat,ivr_otp,Returned item; merchant promised refund that never posted.,credit_not_processed,VISA,13.6,150.78,150.78,2026-06-26T15:00:00Z,VRL8557630800,2026-07-02,,,credited,issuer_won,2026-07-24T21:00:00Z,consumer_disputes,
DSP-2026-00192,ACC-CR-00006,CUS-00006,CRD-000006,REG_Z,closed,closed,2026-05-05T20:43:00Z,secure_message,ivr_otp,Item received is defective / not as described.,not_as_described,VISA,13.3,145.74,145.74,2026-05-08T15:00:00Z,VRL6353661417,2026-05-11,,,credited,issuer_won,2026-05-24T21:00:00Z,consumer_disputes,
DSP-2026-00193,ACC-CR-00073,CUS-00085,CRD-000095,REG_Z,closed,closed,2026-01-08T18:15:00Z,secure_message,ivr_otp,Paid for an order that never arrived.,not_received,VISA,,109.90,,,,,,,withdrawn,not_filed,2026-01-16T22:00:00Z,consumer_disputes,
DSP-2026-00194,ACC-DDA-00004,CUS-00020,CRD-000022,REG_E,closed,closed,2026-04-24T18:29:00Z,secure_message,ivr_otp,Cardholder does not recognize and did not authorize an online purchase.,fraud_cnp,VISA,10.4,850.77,850.77,2026-04-27T15:00:00Z,VRL5300658926,2026-05-01,,,credited,issuer_won,2026-05-29T21:00:00Z,fraud_cnp,
DSP-2026-00195,ACC-DDA-00045,CUS-00218,CRD-000250,REG_E,closed,closed,2026-07-02T18:01:00Z,secure_message,ivr_otp,Card lost; cardholder did not make in-store purchases.,fraud_card_present,VISA,10.3,659.30,659.30,2026-07-07T15:00:00Z,VRL6951428137,2026-07-11,,,credited,issuer_won,2026-09-02T21:00:00Z,fraud_cnp,
DSP-2026-00196,ACC-CR-00183,CUS-00214,CRD-000244,REG_Z,open,awaiting_merchant_evidence,2026-10-14T15:06:00Z,phone,ivr_otp,Cardholder does not recognize and did not authorize an online purchase.,fraud_cnp,VISA,,1090.63,1090.63,2026-10-19T15:00:00Z,,,,,,,,fraud_cnp,
DSP-2026-00197,ACC-DDA-00069,CUS-00318,CRD-000365,REG_E,closed,closed,2026-08-20T22:46:00Z,secure_message,ivr_otp,Charged twice for the same purchase.,duplicate,VISA,12.6,107.01,107.01,2026-08-25T15:00:00Z,VRL9691071300,2026-08-26,,,credited,issuer_won,2026-10-04T21:00:00Z,consumer_disputes,
DSP-2026-00198,ACC-CR-00246,CUS-00287,CRD-000327,REG_Z,closed,closed,2026-05-19T14:38:00Z,app_chat,ivr_otp,Cancelled order within policy; no refund.,cancelled_merch,VISA,13.7,38.75,38.75,2026-05-22T15:00:00Z,VRL9954066558,2026-05-23,,,credited,issuer_won,2026-06-24T21:00:00Z,consumer_disputes,
DSP-2026-00199,ACC-CR-00049,CUS-00057,CRD-000063,REG_Z,closed,closed,2026-04-29T18:21:00Z,secure_message,ivr_otp,Returned item; merchant promised refund that never posted.,credit_not_processed,VISA,13.6,205.39,205.39,2026-05-03T15:00:00Z,VRL1329530842,2026-05-05,,,credited,issuer_won,2026-06-24T21:00:00Z,consumer_disputes,
DSP-2026-00200,ACC-CR-00060,CUS-00069,CRD-000076,REG_Z,closed,closed,2026-01-15T15:54:00Z,secure_message,ivr_otp,Cardholder does not recognize and did not authorize an online purchase.,fraud_cnp,VISA,10.4,846.84,846.84,2026-01-16T16:00:00Z,VRL5377631853,2026-01-19,,,credited,issuer_won,2026-03-15T21:00:00Z,fraud_cnp,
DSP-2026-00201,ACC-CR-00127,CUS-00147,CRD-000167,REG_Z,closed,closed,2026-09-06T16:39:00Z,phone,ivr_otp,Item received is defective / not as described.,not_as_described,VISA,13.3,22.74,22.74,2026-09-07T15:00:00Z,VRL5962409661,2026-09-16,,,credited,issuer_won,2026-11-13T22:00:00Z,consumer_disputes,
DSP-2026-00202,ACC-CR-00092,CUS-00104,CRD-000117,REG_Z,closed,closed,2026-05-06T14:21:00Z,phone,ivr_otp,Subscription was cancelled but charges continued.,cancelled_recurring,VISA,13.2,54.00,54.00,2026-05-09T15:00:00Z,VRL2014686359,2026-05-14,2026-05-29,,denied,merchant_won,2026-06-07T21:00:00Z,consumer_disputes,
DSP-2026-00204,ACC-CR-00153,CUS-00178,CRD-000200,REG_Z,closed,closed,2026-05-10T21:11:00Z,app_chat,ivr_otp,Does not recognize merchant name on statement.,descriptor_confusion,VISA,,24.31,,,,,,,withdrawn,not_filed,2026-05-16T21:00:00Z,consumer_disputes,
DSP-2026-00205,ACC-DDA-00069,CUS-00318,CRD-000365,REG_E,closed,closed,2026-01-25T20:02:00Z,phone,ivr_otp,Subscription was cancelled but charges continued.,cancelled_recurring,VISA,13.2,176.97,176.97,2026-01-27T16:00:00Z,VRL3389556097,2026-02-03,,,credited,issuer_won,2026-03-24T21:00:00Z,consumer_disputes,
DSP-2026-00206,ACC-DDA-00022,CUS-00129,CRD-000147,REG_E,closed,closed,2026-07-11T14:41:00Z,app_chat,ivr_otp,Charged more than the receipt amount.,incorrect_amount,VISA,12.5,4.51,4.51,2026-07-12T15:00:00Z,VRL7663434550,2026-07-21,,,partial_credit,issuer_won,2026-08-07T21:00:00Z,consumer_disputes,
DSP-2026-00207,ACC-DDA-00030,CUS-00161,CRD-000182,REG_E,closed,closed,2026-05-06T13:58:00Z,app_chat,ivr_otp,Item received is defective / not as described.,not_as_described,VISA,13.3,247.73,247.73,2026-05-09T15:00:00Z,VRL2360696295,2026-05-16,,,credited,issuer_won,2026-07-12T21:00:00Z,consumer_disputes,
DSP-2026-00208,ACC-CR-00303,CUS-00356,CRD-000409,REG_Z,open,dispute_filed,2026-10-06T21:57:00Z,secure_message,ivr_otp,Cardholder does not recognize and did not authorize an online purchase.,fraud_cnp,VISA,10.4,897.81,897.81,2026-10-11T15:00:00Z,VRL1381623043,2026-10-15,,,,,,fraud_cnp,
DSP-2026-00209,ACC-CR-00045,CUS-00053,CRD-000059,REG_Z,closed,closed,2026-03-02T20:04:00Z,app_chat,ivr_otp,Cardholder does not recognize and did not authorize an online purchase.,fraud_cnp,VISA,10.4,1039.57,1039.57,2026-03-07T16:00:00Z,VRL1130230980,2026-03-08,,,credited,issuer_won,2026-05-02T21:00:00Z,fraud_cnp,
DSP-2026-00210,ACC-CR-00112,CUS-00125,CRD-000143,REG_Z,closed,closed,2026-02-10T19:40:00Z,phone,ivr_otp,Cardholder does not recognize and did not authorize an online purchase.,fraud_cnp,VISA,10.4,831.38,831.38,2026-02-13T16:00:00Z,VRL3938206900,2026-02-20,,,credited,issuer_won,2026-04-09T21:00:00Z,fraud_cnp,
DSP-2026-00211,ACC-CR-00176,CUS-00205,CRD-000234,REG_Z,closed,closed,2026-07-21T19:48:00Z,phone,ivr_otp,Paid for an order that never arrived.,not_received,VISA,13.1,18.16,18.16,2026-07-24T15:00:00Z,VRL9429674670,2026-07-25,,,credited,issuer_won,2026-08-16T21:00:00Z,consumer_disputes,
DSP-2026-00212,ACC-CR-00051,CUS-00059,CRD-000065,REG_Z,closed,closed,2026-01-11T16:40:00Z,app_chat,ivr_otp,Cardholder does not recognize and did not authorize an online purchase.,fraud_cnp,VISA,10.4,23.16,23.16,2026-01-16T16:00:00Z,VRL3805594941,2026-01-18,2026-02-14,,denied,merchant_won_pre_arb,2026-03-11T21:00:00Z,fraud_cnp,
DSP-2026-00213,ACC-CR-00248,CUS-00290,CRD-000330,REG_Z,closed,closed,2026-02-01T15:00:00Z,secure_message,ivr_otp,Cancelled order within policy; no refund.,cancelled_merch,VISA,13.7,242.32,242.32,2026-02-02T16:00:00Z,VRL9897449728,2026-02-10,,,credited,issuer_won,2026-02-26T22:00:00Z,consumer_disputes,
DSP-2026-00214,ACC-CR-00289,CUS-00339,CRD-000388,REG_Z,open,investigating,2026-09-12T19:04:00Z,app_chat,ivr_otp,Does not recognize merchant name on statement.,descriptor_confusion,VISA,,42.32,,,,,,,,,,consumer_disputes,
DSP-2026-00215,ACC-CR-00082,CUS-00094,CRD-000106,REG_Z,closed,closed,2026-05-29T16:51:00Z,secure_message,ivr_otp,Card lost; cardholder did not make in-store purchases.,fraud_card_present,VISA,10.3,446.00,446.00,2026-06-02T15:00:00Z,VRL2057394681,2026-06-05,,,credited,issuer_won,2026-07-28T21:00:00Z,fraud_cnp,
DSP-2026-00216,ACC-CR-00053,CUS-00061,CRD-000067,REG_Z,closed,closed,2026-05-26T21:16:00Z,secure_message,ivr_otp,Subscription was cancelled but charges continued.,cancelled_recurring,VISA,13.2,175.93,175.93,2026-05-30T15:00:00Z,VRL3004551095,2026-06-03,,,credited,issuer_won,2026-07-24T21:00:00Z,consumer_disputes,
DSP-2026-00217,ACC-CR-00106,CUS-00119,CRD-000135,REG_Z,closed,closed,2026-06-09T22:34:00Z,secure_message,ivr_otp,Card lost; cardholder did not make in-store purchases.,fraud_card_present,VISA,10.3,466.27,466.27,2026-06-12T15:00:00Z,VRL6198195214,2026-06-18,,,credited,issuer_won,2026-08-16T21:00:00Z,fraud_cnp,
DSP-2026-00218,ACC-CR-00031,CUS-00037,CRD-000040,REG_Z,closed,closed,2026-01-31T13:54:00Z,secure_message,ivr_otp,Returned item; merchant promised refund that never posted.,credit_not_processed,VISA,13.6,49.79,49.79,2026-02-05T16:00:00Z,VRL4645188341,2026-02-06,,,credited,issuer_won,2026-03-25T21:00:00Z,consumer_disputes,
DSP-2026-00219,ACC-DDA-00022,CUS-00129,CRD-000147,REG_E,closed,closed,2026-03-30T14:31:00Z,app_chat,ivr_otp,Cardholder does not recognize and did not authorize an online purchase.,fraud_cnp,VISA,10.4,871.38,871.38,2026-04-04T15:00:00Z,VRL7216811902,2026-04-07,,,credited,issuer_won,2026-04-29T21:00:00Z,fraud_cnp,
DSP-2026-00220,ACC-CR-00276,CUS-00325,CRD-000373,REG_Z,open,investigating,2026-10-19T21:34:00Z,app_chat,ivr_otp,Item received is defective / not as described.,not_as_described,VISA,,81.11,81.11,2026-10-20T15:00:00Z,,,,,,,,consumer_disputes,
DSP-2026-00221,ACC-CR-00027,CUS-00033,CRD-000036,REG_Z,closed,closed,2026-05-16T16:35:00Z,secure_message,ivr_otp,Cardholder does not recognize and did not authorize an online purchase.,fraud_cnp,VISA,10.4,669.33,669.33,2026-05-21T15:00:00Z,VRL2241300493,2026-05-26,,,credited,issuer_won,2026-07-25T21:00:00Z,fraud_cnp,
DSP-2026-00222,ACC-CR-00147,CUS-00171,CRD-000192,REG_Z,closed,closed,2026-04-19T12:38:00Z,secure_message,ivr_otp,Cardholder does not recognize and did not authorize an online purchase.,fraud_cnp,VISA,10.4,652.13,652.13,2026-04-22T15:00:00Z,VRL3414520303,2026-04-29,,,credited,issuer_won,2026-06-12T21:00:00Z,fraud_cnp,
DSP-2026-00223,ACC-CR-00027,CUS-00033,CRD-000036,REG_Z,closed,closed,2026-03-06T14:32:00Z,phone,ivr_otp,Cardholder does not recognize and did not authorize an online purchase.,fraud_cnp,VISA,10.4,837.01,837.01,2026-03-09T15:00:00Z,VRL3242041244,2026-03-14,,,credited,issuer_won,2026-05-11T21:00:00Z,fraud_cnp,
DSP-2026-00224,ACC-CR-00144,CUS-00168,CRD-000189,REG_Z,open,dispute_filed,2026-09-28T21:48:00Z,app_chat,ivr_otp,Subscription was cancelled but charges continued.,cancelled_recurring,VISA,13.2,17.99,17.99,2026-09-29T15:00:00Z,VRL9002533278,2026-10-05,,,,,,consumer_disputes,
DSP-2026-00225,ACC-DDA-00071,CUS-00322,CRD-000369,REG_E,open,dispute_filed,2026-10-09T15:32:00Z,phone,ivr_otp,Cardholder does not recognize and did not authorize an online purchase.,fraud_cnp,VISA,10.4,475.45,475.45,2026-10-11T15:00:00Z,VRL8598648085,2026-10-14,,,,,,fraud_cnp,
DSP-2026-00226,ACC-CR-00287,CUS-00337,CRD-000385,REG_Z,open,dispute_filed,2026-09-09T20:49:00Z,secure_message,ivr_otp,Subscription was cancelled but charges continued.,cancelled_recurring,VISA,13.2,15.99,15.99,2026-09-12T15:00:00Z,VRL9481455941,2026-09-14,,,,,,consumer_disputes,
DSP-2026-00227,ACC-CR-00036,CUS-00042,CRD-000046,REG_Z,closed,closed,2026-04-27T17:44:00Z,app_chat,ivr_otp,Paid for an order that never arrived.,not_received,VISA,13.1,21.59,21.59,2026-04-30T15:00:00Z,VRL8929597565,2026-05-07,,,credited,issuer_won,2026-05-29T21:00:00Z,consumer_disputes,
DSP-2026-00228,ACC-CR-00165,CUS-00191,CRD-000216,REG_Z,closed,closed,2026-04-30T16:21:00Z,phone,ivr_otp,Cardholder does not recognize and did not authorize an online purchase.,fraud_cnp,VISA,10.4,24.22,24.22,2026-05-02T15:00:00Z,VRL6868030327,2026-05-03,2026-05-23,,denied,merchant_won_pre_arb,2026-05-26T21:00:00Z,fraud_cnp,
DSP-2026-00229,ACC-CR-00014,CUS-00016,CRD-000018,REG_Z,closed,closed,2026-07-20T17:29:00Z,phone,ivr_otp,Subscription was cancelled but charges continued.,cancelled_recurring,VISA,13.2,22.99,22.99,2026-07-25T15:00:00Z,VRL5489123823,2026-07-24,,,credited,issuer_won,2026-08-24T21:00:00Z,consumer_disputes,
DSP-2026-00230,ACC-CR-00224,CUS-00262,CRD-000298,REG_Z,closed,closed,2026-08-30T14:55:00Z,secure_message,ivr_otp,Paid for an order that never arrived.,not_received,VISA,13.1,28.35,28.35,2026-09-03T15:00:00Z,VRL7549237683,2026-09-07,,,credited,issuer_won,2026-10-16T21:00:00Z,consumer_disputes,
DSP-2026-00231,ACC-CR-00219,CUS-00257,CRD-000293,REG_Z,open,investigating,2026-10-18T21:29:00Z,phone,ivr_otp,Paid for an order that never arrived.,not_received,VISA,,4.64,,,,,,,,,,consumer_disputes,
DSP-2026-00232,ACC-CR-00124,CUS-00144,CRD-000164,REG_Z,closed,closed,2026-03-13T21:17:00Z,app_chat,ivr_otp,Does not recognize merchant name on statement.,descriptor_confusion,VISA,,42.28,,,,,,,withdrawn,not_filed,2026-03-25T21:00:00Z,consumer_disputes,
DSP-2026-00233,ACC-CR-00051,CUS-00059,CRD-000065,REG_Z,closed,closed,2026-03-06T22:17:00Z,secure_message,ivr_otp,Returned item; merchant promised refund that never posted.,credit_not_processed,VISA,,53.99,,,,,,,withdrawn,not_filed,2026-03-14T21:00:00Z,consumer_disputes,
DSP-2026-00234,ACC-CR-00036,CUS-00042,CRD-000046,REG_Z,closed,closed,2026-04-05T19:23:00Z,secure_message,ivr_otp,Cancelled order within policy; no refund.,cancelled_merch,VISA,13.7,56.34,56.34,2026-04-09T15:00:00Z,VRL3960570753,2026-04-13,,,credited,issuer_won,2026-05-14T21:00:00Z,consumer_disputes,
DSP-2026-00235,ACC-CR-00016,CUS-00019,CRD-000021,REG_Z,closed,closed,2026-05-21T14:06:00Z,secure_message,ivr_otp,Cardholder does not recognize and did not authorize an online purchase.,fraud_cnp,VISA,10.4,319.19,319.19,2026-05-24T15:00:00Z,VRL9838154924,2026-05-25,2026-06-18,,denied,merchant_won_pre_arb,2026-06-28T21:00:00Z,fraud_cnp,
DSP-2026-00236,ACC-DDA-00079,CUS-00350,CRD-000403,REG_E,open,dispute_filed,2026-10-01T13:05:00Z,phone,ivr_otp,Charged more than the receipt amount.,incorrect_amount,VISA,12.5,7.43,7.43,2026-10-05T15:00:00Z,VRL9048426133,2026-10-10,,,,,,consumer_disputes,
DSP-2026-00237,ACC-CR-00097,CUS-00110,CRD-000124,REG_Z,closed,closed,2026-08-26T21:03:00Z,secure_message,ivr_otp,Charged more than the receipt amount.,incorrect_amount,VISA,12.5,1.59,1.59,2026-08-28T15:00:00Z,VRL2668862849,2026-09-01,,,partial_credit,issuer_won,2026-10-01T21:00:00Z,consumer_disputes,
DSP-2026-00238,ACC-CR-00155,CUS-00181,CRD-000204,REG_Z,open,investigating,2026-10-18T22:07:00Z,secure_message,ivr_otp,Cardholder does not recognize and did not authorize an online purchase.,fraud_cnp,VISA,,164.90,164.90,2026-10-20T15:00:00Z,,,,,,,,fraud_cnp,
DSP-2026-04471,ACC-CR-90012,CUS-90012,CRD-90012,REG_Z,closed,closed,2026-05-07T16:00:00Z,phone,ivr_otp,Did not authorize Kestrel Outdoor Supply purchase $612.00.,fraud_cnp,VISA,10.4,612.00,612.00,2026-05-08T14:00:00Z,,2026-05-09,2026-05-28,,denied,merchant_won_pre_arb,2026-06-02T21:00:00Z,fraud_cnp,
DSP-2026-08004,ACC-CR-00061,CUS-00070,CRD-000077,REG_Z,closed,closed,2026-03-20T14:00:00Z,phone,ivr_otp,Charged twice for one order.,duplicate,VISA,12.6,212.40,,,,2026-03-23,,,credited,issuer_won,2026-04-22T20:00:00Z,consumer_disputes,
DSP-2026-08007,ACC-CR-00062,CUS-00071,CRD-000078,REG_Z,closed,closed,2026-06-18T14:00:00Z,phone,ivr_otp,Hotel upgrade charged; guest says complimentary.,incorrect_amount,VISA,,916.20,,,,,,,partial_credit,not_filed,2026-06-29T20:00:00Z,consumer_disputes,
DSP-2026-08010,ACC-CR-00064,CUS-00073,CRD-000080,REG_Z,closed,closed,2026-03-09T14:00:00Z,phone,ivr_otp,Teen used parent's card from wallet in game without permission.,fraud_cnp,VISA,10.4,149.95,,,,2026-03-12,,,credited,merchant_won_pre_arb,2026-04-20T20:00:00Z,fraud_cnp,
DSP-2026-08012,ACC-CR-00065,CUS-00075,CRD-000082,REG_Z,closed,closed,2026-03-02T15:00:00Z,phone,ivr_otp,Trial converted to annual; cancelled after charge.,cancelled_recurring,VISA,13.2,119.88,,,,2026-03-05,,,credited,issuer_won,2026-04-09T20:00:00Z,consumer_disputes,
DSP-2026-08015,ACC-CR-00066,CUS-00077,CRD-000084,REG_Z,closed,closed,2026-01-28T15:00:00Z,phone,ivr_otp,Tiles arrived broken.,not_as_described,VISA,13.3,329.51,,,,2026-01-31,,,credited,issuer_won,2026-03-30T20:00:00Z,consumer_disputes,
DSP-2026-08016,ACC-CR-00067,CUS-00078,CRD-000086,REG_Z,closed,closed,2026-07-08T14:00:00Z,phone,ivr_otp,Monitor has dead pixels.,not_as_described,VISA,13.3,449.00,,,,2026-07-11,,,denied,merchant_won,2026-08-19T20:00:00Z,consumer_disputes,
DSP-2026-08017,ACC-CR-00068,CUS-00079,CRD-000087,REG_Z,closed,closed,2026-06-10T14:00:00Z,phone,ivr_otp,Festival cancelled; no refund; outside dispute window.,not_received,VISA,,248.00,,,,,,,credited,not_filed,2026-06-24T20:00:00Z,consumer_disputes,
DSP-2026-08019,ACC-CR-00069,CUS-00080,CRD-000089,REG_Z,closed,closed,2026-07-22T14:00:00Z,phone,ivr_otp,No-show billed after phone cancellation.,cancelled_merch,VISA,13.7,608.18,,,,2026-07-25,,,partial_credit,issuer_won,2026-09-01T20:00:00Z,consumer_disputes,
DSP-2026-08020,ACC-DDA-00003,CUS-00018,CRD-000020,REG_E,closed,closed,2026-04-08T14:00:00Z,phone,ivr_otp,Wallet stolen; card used before customer called.,fraud_cnp,VISA,10.4,420.00,,,,2026-04-11,,,partial_credit,issuer_won,2026-05-02T20:00:00Z,fraud_cnp,
DSP-2026-09101,ACC-CR-00001,CUS-00001,CRD-000001,REG_Z,open,dispute_filed,2026-09-30T14:30:00Z,phone,ivr_otp,Paid Oakhollow Furniture for custom furniture; never delivered; merchant not responding.,not_received,VISA,13.1,2150.00,,,,2026-10-08,,,,,,consumer_disputes,
DSP-2026-09102,ACC-CR-00006,CUS-00006,CRD-000006,REG_Z,open,investigating,2026-10-06T14:30:00Z,phone,ivr_otp,Paid Oakhollow Furniture for custom furniture; never delivered; merchant not responding.,not_received,VISA,,640.00,,,,,,,,,,consumer_disputes,
DSP-2026-09103,ACC-CR-00008,CUS-00008,CRD-000008,REG_Z,open,investigating,2026-10-12T14:30:00Z,phone,ivr_otp,Paid Oakhollow Furniture for custom furniture; never delivered; merchant not responding.,not_received,VISA,,1875.50,,,,,,,,,,consumer_disputes,
DSP-2026-09104,ACC-CR-00024,CUS-00030,CRD-000033,REG_Z,open,investigating,2026-10-16T14:30:00Z,phone,ivr_otp,Paid Oakhollow Furniture for custom furniture; never delivered; merchant not responding.,not_received,VISA,,912.00,,,,,,,,,,consumer_disputes,
DSP-2026-09201,ACC-CR-00004,CUS-00004,CRD-000004,REG_Z,closed,closed,2026-10-06T15:00:00Z,phone,ivr_otp,Did not authorize online purchase; card in possession.,fraud_cnp,VISA,10.4,1166.51,1166.51,2026-10-07T14:00:00Z,,2026-10-08,,,credited,issuer_won,2026-10-18T20:00:00Z,fraud_cnp,
DSP-2026-09202,ACC-CR-00012,CUS-00014,CRD-000016,REG_Z,closed,closed,2026-10-05T15:00:00Z,phone,ivr_otp,Did not authorize online purchase; card in possession.,fraud_cnp,VISA,10.4,886.14,886.14,2026-10-06T14:00:00Z,,2026-10-07,,,credited,issuer_won,2026-10-17T20:00:00Z,fraud_cnp,
DSP-2026-09203,ACC-CR-00015,CUS-00017,CRD-000019,REG_Z,closed,closed,2026-10-04T15:00:00Z,phone,ivr_otp,Did not authorize online purchase; card in possession.,fraud_cnp,VISA,10.4,1063.12,1063.12,2026-10-05T14:00:00Z,,2026-10-06,,,credited,issuer_won,2026-10-16T20:00:00Z,fraud_cnp,
DSP-2026-09204,ACC-CR-00018,CUS-00023,CRD-000026,REG_Z,open,dispute_filed,2026-10-09T15:00:00Z,phone,ivr_otp,Did not authorize online purchase; card in possession.,fraud_cnp,VISA,10.4,720.49,720.49,2026-10-10T14:00:00Z,,2026-10-11,,,,,,fraud_cnp,
DSP-2026-09205,ACC-CR-00022,CUS-00028,CRD-000031,REG_Z,open,dispute_filed,2026-10-11T15:00:00Z,phone,ivr_otp,Did not authorize online purchase; card in possession.,fraud_cnp,VISA,10.4,820.45,820.45,2026-10-12T14:00:00Z,,2026-10-13,,,,,,fraud_cnp,
DSP-2026-09206,ACC-CR-00053,CUS-00061,CRD-000067,REG_Z,closed,closed,2026-10-07T15:00:00Z,phone,ivr_otp,Did not authorize online purchase; card in possession.,fraud_cnp,VISA,10.4,920.94,920.94,2026-10-08T14:00:00Z,,2026-10-09,,,credited,issuer_won,2026-10-19T20:00:00Z,fraud_cnp,
DSP-2026-09207,ACC-CR-00078,CUS-00090,CRD-000101,REG_Z,open,dispute_filed,2026-10-13T15:00:00Z,phone,ivr_otp,Did not authorize online purchase; card in possession.,fraud_cnp,VISA,10.4,262.79,262.79,2026-10-14T14:00:00Z,,2026-10-15,,,,,,fraud_cnp,
DSP-2026-09208,ACC-CR-00079,CUS-00091,CRD-000102,REG_Z,open,dispute_filed,2026-10-08T15:00:00Z,phone,ivr_otp,Did not authorize online purchase; card in possession.,fraud_cnp,VISA,10.4,1212.22,1212.22,2026-10-09T14:00:00Z,,2026-10-10,,,,,,fraud_cnp,
DSP-2026-09209,ACC-CR-00083,CUS-00095,CRD-000107,REG_Z,open,dispute_filed,2026-10-13T15:00:00Z,phone,ivr_otp,Did not authorize online purchase; card in possession.,fraud_cnp,VISA,10.4,748.88,748.88,2026-10-14T14:00:00Z,,2026-10-15,,,,,,fraud_cnp,
DSP-2026-09301,ACC-CR-00005,CUS-00005,CRD-000005,REG_Z,closed,closed,2026-07-21T14:00:00Z,phone,ivr_otp,Did not authorize online purchase; received password reset emails I didn't request.,fraud_cnp,VISA,10.4,780.00,,,,2026-07-23,,,credited,issuer_won,2026-08-22T20:00:00Z,fraud_cnp,
DSP-2026-09302,ACC-CR-00038,CUS-00045,CRD-000049,REG_Z,open,dispute_filed,2026-10-09T14:00:00Z,phone,ivr_otp,Did not authorize online purchase; received password reset emails I didn't request.,fraud_cnp,VISA,10.4,265.00,,,,2026-10-11,,,,,,fraud_cnp,
DSP-2026-09401,ACC-CR-00041,CUS-00048,CRD-000053,REG_Z,closed,closed,2026-01-29T15:00:00Z,phone,ivr_otp,Custom print order never arrived.,not_received,VISA,13.1,163.70,,,,2026-02-02,,,credited,issuer_won,2026-03-11T20:00:00Z,consumer_disputes,
DSP-2026-09402,ACC-CR-00042,CUS-00049,CRD-000054,REG_Z,closed,closed,2026-02-03T15:00:00Z,phone,ivr_otp,Custom print order never arrived.,not_received,VISA,13.1,78.18,,,,2026-02-07,,,credited,issuer_won,2026-03-16T20:00:00Z,consumer_disputes,
DSP-2026-09403,ACC-CR-00043,CUS-00050,CRD-000056,REG_Z,closed,closed,2026-03-11T14:00:00Z,phone,ivr_otp,Custom print order never arrived.,not_received,VISA,13.1,41.19,,,,2026-03-15,,,credited,issuer_won,2026-04-21T20:00:00Z,consumer_disputes,
DSP-2026-09404,ACC-CR-00044,CUS-00051,CRD-000057,REG_Z,closed,closed,2026-03-16T14:00:00Z,phone,ivr_otp,Custom print order never arrived.,not_received,VISA,13.1,122.26,,,,2026-03-20,,,credited,issuer_won,2026-04-26T20:00:00Z,consumer_disputes,
DSP-2026-09405,ACC-CR-00045,CUS-00053,CRD-000059,REG_Z,closed,closed,2026-03-29T14:00:00Z,phone,ivr_otp,Custom print order never arrived.,not_received,VISA,13.1,60.87,,,,2026-04-02,,,credited,issuer_won,2026-05-09T20:00:00Z,consumer_disputes,
DSP-2026-09406,ACC-CR-00046,CUS-00054,CRD-000060,REG_Z,closed,closed,2026-04-03T14:00:00Z,phone,ivr_otp,Custom print order never arrived.,not_received,VISA,13.1,77.68,,,,2026-04-07,,,credited,issuer_won,2026-05-14T20:00:00Z,consumer_disputes,
DSP-2026-09407,ACC-CR-00047,CUS-00055,CRD-000061,REG_Z,closed,closed,2026-05-09T14:00:00Z,phone,ivr_otp,Custom print order never arrived.,not_received,VISA,13.1,127.11,,,,2026-05-13,,,credited,issuer_won,2026-06-19T20:00:00Z,consumer_disputes,
DSP-2026-09408,ACC-CR-00048,CUS-00056,CRD-000062,REG_Z,closed,closed,2026-05-14T14:00:00Z,phone,ivr_otp,Custom print order never arrived.,not_received,VISA,13.1,76.35,,,,2026-05-18,,,credited,issuer_won,2026-06-24T20:00:00Z,consumer_disputes,
DSP-2026-09409,ACC-CR-00049,CUS-00057,CRD-000063,REG_Z,closed,closed,2026-05-29T14:00:00Z,phone,ivr_otp,Custom print order never arrived.,not_received,VISA,13.1,135.94,,,,2026-06-02,,,credited,issuer_won,2026-07-09T20:00:00Z,consumer_disputes,
DSP-2026-09410,ACC-CR-00050,CUS-00058,CRD-000064,REG_Z,closed,closed,2026-06-03T14:00:00Z,phone,ivr_otp,Custom print order never arrived.,not_received,VISA,13.1,98.42,,,,2026-06-07,,,credited,issuer_won,2026-07-14T20:00:00Z,consumer_disputes,
DSP-2026-09411,ACC-CR-00051,CUS-00059,CRD-000065,REG_Z,closed,closed,2026-07-09T14:00:00Z,phone,ivr_otp,Custom print order never arrived.,not_received,VISA,13.1,41.80,,,,2026-07-13,,,credited,issuer_won,2026-08-19T20:00:00Z,consumer_disputes,
DSP-2026-90001,ACC-CR-90001,CUS-90001,CRD-90001,REG_Z,open,intake,2026-10-20T23:12:00Z,secure_message,secure_online_banking,Custom dining table from Oakhollow Furniture never delivered; merchant stopped responding.,not_received,VISA,,1284.00,,,,,,,,,,consumer_disputes,
DSP-2026-90002,ACC-CR-90002,CUS-90002,CRD-90002,REG_Z,open,intake,2026-10-19T16:40:00Z,app_chat,mobile_app_biometric,Does not recognize TAPR* BLUEFERN CAFE BOSTON $11.40.,fraud_card_present,VISA,,11.40,,,,,,,,,,fraud_card_present,
DSP-2026-90003,ACC-CR-90003,CUS-90003,CRD-90003,REG_Z,open,intake,2026-10-20T21:25:00Z,app_chat,mobile_app_biometric,Two Glyphstack font licenses purchased; downloads never worked; merchant not replying.,not_received,VISA,,32.48,,,,,,,,,,consumer_disputes,
DSP-2026-90005,ACC-CR-90004,CUS-90004,CRD-90004,REG_Z,open,investigating,2026-10-13T15:05:00Z,phone,ivr_otp,Charged twice ($64.18 x2) by Parcelwick for one lamp.,duplicate,VISA,,64.18,64.18,2026-10-15T14:00:00Z,,,,,,,,consumer_disputes,
DSP-2026-90006,ACC-CR-90005,CUS-90005,CRD-90005,REG_Z,open,awaiting_merchant_evidence,2026-10-12T20:30:00Z,phone,ivr_otp,"Hotel charged $1,087.53 vs quoted $189/night; disputes $434.06 (upgrade said to be complimentary; parking not used).",incorrect_amount,VISA,,434.06,434.06,2026-10-14T14:00:00Z,,,,,,,,consumer_disputes,
DSP-2026-90007,ACC-CR-90006,CUS-90006,CRD-90006,REG_Z,open,awaiting_merchant_evidence,2026-10-07T02:02:00Z,app_chat,mobile_app_biometric,Free trial converted to $119.88 annual charge; cancelled; refund refused.,cancelled_recurring,VISA,,119.88,119.88,2026-10-08T14:00:00Z,,,,,,,,consumer_disputes,
DSP-2026-90008,ACC-CR-90007,CUS-90007,CRD-90007,REG_Z,open,investigating,2026-10-08T20:15:00Z,phone,ivr_otp,Merchant refund $15.75 less than purchase; foreign transaction fee not refunded.,credit_not_processed,VISA,,29.64,,,,,,,,,,consumer_disputes,
DSP-2026-90009,ACC-DDA-90008,CUS-90008,CRD-90008,REG_E,open,investigating,2026-10-13T13:20:00Z,phone,ivr_otp,"Unauthorized online purchases VoltCart $1,240.00 and Giftlane $59.00; card in possession.",fraud_cnp,VISA,,1299.00,,,,,,,,,,fraud_cnp,
DSP-2026-90010,ACC-CR-90009,CUS-90009,CRD-90009,REG_Z,open,investigating,2026-10-20T00:42:00Z,phone,ivr_otp,Did not authorize Nebula Forge Games purchase $69.99.,fraud_cnp,VISA,,69.99,69.99,2026-10-20T14:00:00Z,,,,,,,,fraud_cnp,
DSP-2026-90011,ACC-CR-90010,CUS-90010,CRD-90010,REG_Z,open,investigating,2026-10-07T22:05:00Z,phone,ivr_otp,23 Pixelhollow in-game purchases ($486.77) made by cardholder's child without permission.,fraud_cnp,VISA,,486.77,486.77,2026-10-09T14:00:00Z,,,,,,,,fraud_cnp,
DSP-2026-90012,ACC-CR-90012,CUS-90012,CRD-90012,REG_Z,open,investigating,2026-10-15T13:10:00Z,phone,branch_callback_verified_id,"Did not authorize Orbital Audio $1,389.00; locked out of online banking.",fraud_cnp,VISA,,1389.00,,,,,,,,,,fraud_cnp,DSP-2026-04471
DSP-2026-90013,ACC-CR-90013,CUS-90013,CRD-90013,REG_Z,open,investigating,2026-10-19T23:02:00Z,app_chat,mobile_app_password,Stridevault order $412.00 never arrived.,not_received,VISA,,412.00,412.00,2026-10-20T14:00:00Z,,,,,,,,consumer_disputes,
DSP-2026-90014,ACC-CR-90017,CUS-90017,CRD-90017,REG_Z,open,awaiting_merchant_evidence,2026-10-15T12:12:00Z,phone,ivr_otp,Stridevault order $219.00 marked delivered but not received.,not_received,VISA,,219.00,219.00,2026-10-16T14:00:00Z,,,,,,,,consumer_disputes,
DSP-2026-90015,ACC-CR-90018,CUS-90018,CRD-90018,REG_Z,open,investigating,2026-10-16T16:20:00Z,secure_message,secure_online_banking,AI travel agent (TravelMind) booked non-refundable fare despite 'refundable' instruction; cardholder cancelled trip.,fraud_cnp,VISA,,412.60,,,,,,,,,,fraud_cnp,
DSP-2026-90016,ACC-CR-90019,CUS-90019,CRD-90019,REG_Z,open,awaiting_merchant_evidence,2026-10-14T17:05:00Z,phone,ivr_otp,Billed 2-night no-show at Harbor & Vine after cancelling by phone before deadline.,cancelled_merch,VISA,,608.18,608.18,2026-10-16T14:00:00Z,,,,,,,,consumer_disputes,
DSP-2026-90017,ACC-CR-90020,CUS-90020,CRD-90020,REG_Z,open,pre_arb_decision_due,2026-09-18T17:30:00Z,phone,ivr_otp,Cancelled Ironwood membership 8/28; charged 9/1.,cancelled_recurring,VISA,13.2,64.00,64.00,2026-09-19T14:00:00Z,VRL7719203385,2026-09-21,2026-10-16,,,,,consumer_disputes,DSP-2026-90018
DSP-2026-90018,ACC-CR-90020,CUS-90020,CRD-90020,REG_Z,open,intake,2026-10-19T22:45:00Z,phone,ivr_otp,Ironwood charged again 10/1 after cancellation.,cancelled_recurring,VISA,,64.00,,,,,,,,,,consumer_disputes,DSP-2026-90017
DSP-2026-90019,ACC-CR-90021,CUS-90021,CRD-90021,REG_Z,open,investigating,2026-10-13T01:40:00Z,secure_message,secure_online_banking,Refurbished laptop battery far below advertised; return refused.,not_as_described,VISA,,899.00,899.00,2026-10-14T14:00:00Z,,,,,,,,consumer_disputes,
DSP-2026-90020,ACC-CR-90022,CUS-90022,CRD-90022,REG_Z,open,investigating,2026-10-14T17:10:00Z,phone,ivr_otp,Concert cancelled in April; never refunded.,not_received,VISA,,329.40,,,,,,,,,,consumer_disputes,
DSP-2026-90021,ACC-DDA-90023,CUS-90023,CRD-90023,REG_E,open,investigating,2026-10-15T16:40:00Z,phone,ivr_otp,Rug from Harborlane Market seller Velvet Loom never delivered.,not_received,VISA,,143.20,143.20,2026-10-16T17:00:00Z,,,,,,,,reg_e_disputes,
DSP-2026-90022,ACC-CR-90024,CUS-90024,CRD-90024,REG_Z,open,investigating,2026-10-16T13:30:00Z,app_chat,mobile_app_biometric,Custom poster from Quillmark Print not received by promised date.,not_received,VISA,,86.50,86.50,2026-10-19T14:00:00Z,,,,,,,,consumer_disputes,
DSP-2026-90901,ACC-CR-90009,CUS-90009,CRD-90009,REG_Z,closed,closed,2026-01-22T15:00:00Z,phone,ivr_otp,Did not authorize digital purchase.,fraud_cnp,VISA,10.4,49.99,,,,2026-01-25,,,credited,issuer_won,2026-03-03T21:00:00Z,fraud_cnp,
DSP-2026-90902,ACC-CR-90009,CUS-90009,CRD-90009,REG_Z,closed,closed,2026-06-15T14:00:00Z,phone,ivr_otp,Did not authorize digital purchase.,fraud_cnp,VISA,10.4,24.99,,,,2026-06-18,,,credited,issuer_won,2026-07-25T20:00:00Z,fraud_cnp,
DSP-2026-91300,ACC-CR-90013,CUS-90013,CRD-90013,REG_Z,closed,closed,2026-08-29T16:10:00Z,app_chat,mobile_app_password,Order from Stridevault never arrived.,not_received,VISA,13.1,389.00,389.00,2026-08-31T14:00:00Z,,,,,credited,issuer_won,2026-10-06T20:00:00Z,consumer_disputes,
DSP-2026-91301,ACC-CR-90013,CUS-90013,CRD-90013,REG_Z,open,awaiting_merchant_evidence,2026-09-21T16:11:00Z,app_chat,mobile_app_password,Order from Orbital Audio never arrived.,not_received,VISA,,529.00,529.00,2026-09-23T14:00:00Z,,,,,,,,consumer_disputes,
DSP-2026-91302,ACC-CR-90014,CUS-90014,CRD-90014,REG_Z,closed,closed,2026-09-05T16:12:00Z,app_chat,mobile_app_password,Order from Kinetic Threads never arrived.,not_received,VISA,13.1,298.00,298.00,2026-09-07T14:00:00Z,,,,,credited,issuer_won,2026-10-13T20:00:00Z,consumer_disputes,
DSP-2026-91303,ACC-CR-90015,CUS-90015,CRD-90015,REG_Z,closed,closed,2026-09-12T16:13:00Z,app_chat,mobile_app_password,Order from Stridevault never arrived.,not_received,VISA,13.1,376.00,376.00,2026-09-14T14:00:00Z,,,,,denied,merchant_won,2026-10-20T20:00:00Z,consumer_disputes,
DSP-2026-91304,ACC-CR-90014,CUS-90014,CRD-90014,REG_Z,open,awaiting_merchant_evidence,2026-10-02T16:14:00Z,app_chat,mobile_app_password,Order from Stridevault never arrived.,not_received,VISA,,455.00,455.00,2026-10-04T14:00:00Z,,,,,,,,consumer_disputes,
DSP-2026-91305,ACC-CR-90016,CUS-90016,CRD-90016,REG_Z,open,awaiting_merchant_evidence,2026-09-28T16:15:00Z,app_chat,mobile_app_password,Order from Orbital Audio never arrived.,not_received,VISA,,610.00,610.00,2026-09-30T14:00:00Z,,,,,,,,consumer_disputes,
DSP-2026-91306,ACC-CR-90015,CUS-90015,CRD-90015,REG_Z,open,awaiting_merchant_evidence,2026-10-09T16:16:00Z,app_chat,mobile_app_password,Order from Kinetic Threads never arrived.,not_received,VISA,,344.00,344.00,2026-10-11T14:00:00Z,,,,,,,,consumer_disputes,
DSP-2026-91307,ACC-CR-90014,CUS-90014,CRD-90014,REG_Z,open,awaiting_merchant_evidence,2026-10-12T16:17:00Z,app_chat,mobile_app_password,Order from Stridevault never arrived.,not_received,VISA,,188.00,188.00,2026-10-14T14:00:00Z,,,,,,,,consumer_disputes,
DSP-2026-91308,ACC-CR-90014,CUS-90014,CRD-90014,REG_Z,open,awaiting_merchant_evidence,2026-10-19T16:18:00Z,app_chat,mobile_app_password,Order from Stridevault never arrived.,not_received,VISA,,240.00,240.00,2026-10-21T14:00:00Z,,,,,,,,consumer_disputes,
